threads,time_mean,time_stddev,time_min,time_max
1,18.706,0.5644732057414233,18.1,19.59
2,11.552,0.11077003204838382,11.47,11.74
3,9.15,0.13729530217745947,8.96,9.34
4,7.768,0.047116875957558764,7.73,7.84
5,6.942,0.0637965516309463,6.88,7.05
6,6.104,0.09555103348472992,6.04,6.27
7,5.36,0.03807886552931949,5.32,5.41
8,4.92,0.08717797887081337,4.85,5.05
9,8.23,0.05656854249492369,8.19,8.33
10,7.876,0.1542076522096096,7.73,8.1
