    0.000000000000000         0.000000000000000         0.000000000000000     
   0.1666666666666667         0.000000000000000         0.000000000000000     
   0.3333333333333333         0.000000000000000         0.000000000000000     
   0.5000000000000000         0.000000000000000         0.000000000000000     
   0.6666666666666666         0.000000000000000         0.000000000000000     
   0.8333333333333333         0.000000000000000         0.000000000000000     
    1.000000000000000         0.000000000000000         0.000000000000000     
    1.166666666666667         0.000000000000000         0.000000000000000     
    1.333333333333333         0.000000000000000         0.000000000000000     
    1.500000000000000         0.000000000000000         0.000000000000000     
    1.666666666666667         0.000000000000000         0.000000000000000     
    1.833333333333333         0.000000000000000         0.000000000000000     
    2.000000000000000         0.000000000000000         0.000000000000000     
    2.166666666666667         0.000000000000000         0.000000000000000     
    2.333333333333333         0.000000000000000         0.000000000000000     
    2.500000000000000         0.000000000000000         0.000000000000000     
    2.666666666666667         0.000000000000000         0.000000000000000     
    2.833333333333333         0.000000000000000         0.000000000000000     
    3.000000000000000         0.000000000000000         0.000000000000000     
    3.166666666666667         0.000000000000000         0.000000000000000     
    3.333333333333333         0.000000000000000         0.000000000000000     
    3.500000000000000         0.000000000000000         0.000000000000000     
    3.666666666666667         0.000000000000000         0.000000000000000     
    3.833333333333333         0.000000000000000         0.000000000000000     
    4.000000000000000         0.000000000000000         0.000000000000000     
    4.166666666666666         0.000000000000000         0.000000000000000     
    4.333333333333333         0.000000000000000         0.000000000000000     
    4.500000000000000         0.000000000000000         0.000000000000000     
    4.666666666666666         0.000000000000000         0.000000000000000     
    4.833333333333333         0.000000000000000         0.000000000000000     
    5.000000000000000         0.000000000000000         0.000000000000000     
    5.166666666666666         0.000000000000000         0.000000000000000     
    5.333333333333333         0.000000000000000         0.000000000000000     
    5.500000000000000         0.000000000000000         0.000000000000000     
    5.666666666666666         0.000000000000000         0.000000000000000     
    5.833333333333333         0.000000000000000         0.000000000000000     
    6.000000000000000         0.000000000000000         0.000000000000000     
    6.166666666666666         0.000000000000000         0.000000000000000     
    6.333333333333333         0.000000000000000         0.000000000000000     
    6.500000000000000         0.000000000000000         0.000000000000000     
    6.666666666666666         0.000000000000000         0.000000000000000     
    6.833333333333333         0.000000000000000         0.000000000000000     
    7.000000000000000         0.000000000000000         0.000000000000000     
    7.166666666666666         0.000000000000000         0.000000000000000     
    7.333333333333333         0.000000000000000         0.000000000000000     
    7.500000000000000         0.000000000000000         0.000000000000000     
    7.666666666666666         0.000000000000000         0.000000000000000     
    7.833333333333333         0.000000000000000         0.000000000000000     
    8.000000000000000         0.000000000000000         0.000000000000000     
    8.166666666666666         0.000000000000000         0.000000000000000     
    8.333333333333332         0.000000000000000         0.000000000000000     
    8.500000000000000         0.000000000000000         0.000000000000000     
    8.666666666666666         0.000000000000000         0.000000000000000     
    8.833333333333332         0.000000000000000         0.000000000000000     
    9.000000000000000         0.000000000000000         0.000000000000000     
    9.166666666666666         0.000000000000000         0.000000000000000     
    9.333333333333332         0.000000000000000         0.000000000000000     
    9.500000000000000         0.000000000000000         0.000000000000000     
    9.666666666666666         0.000000000000000         0.000000000000000     
    9.833333333333332         0.000000000000000         0.000000000000000     
  
    0.000000000000000        0.1666666666666667         1.000000000000000     
   0.1666666666666667        0.1666666666666667        0.4996632428222728     
   0.3333333333333333        0.1666666666666667        0.3016744295350442     
   0.5000000000000000        0.1666666666666667        0.2083814864132986     
   0.6666666666666666        0.1666666666666667        0.1571548830658421     
   0.8333333333333333        0.1666666666666667        0.1254552823676053     
    1.000000000000000        0.1666666666666667        0.1040321745012763     
    1.166666666666667        0.1666666666666667        8.8592690809201360E-002
    1.333333333333333        0.1666666666666667        7.6921922919382490E-002
    1.500000000000000        0.1666666666666667        6.7773378477292215E-002
    1.666666666666667        0.1666666666666667        6.0394963285913775E-002
    1.833333333333333        0.1666666666666667        5.4306856562921751E-002
    2.000000000000000        0.1666666666666667        4.9188812798895351E-002
    2.166666666666667        0.1666666666666667        4.4819025160318243E-002
    2.333333333333333        0.1666666666666667        4.1039048408231464E-002
    2.500000000000000        0.1666666666666667        3.7732702830081608E-002
    2.666666666666667        0.1666666666666667        3.4812869941013319E-002
    2.833333333333333        0.1666666666666667        3.2212940539808353E-002
    3.000000000000000        0.1666666666666667        2.9881109986381320E-002
    3.166666666666667        0.1666666666666667        2.7776473544858075E-002
    3.333333333333333        0.1666666666666667        2.5866292640129449E-002
    3.500000000000000        0.1666666666666667        2.4124042170902291E-002
    3.666666666666667        0.1666666666666667        2.2527990605895103E-002
    3.833333333333333        0.1666666666666667        2.1060150851964169E-002
    4.000000000000000        0.1666666666666667        1.9705493835277067E-002
    4.166666666666666        0.1666666666666667        1.8451351287289339E-002
    4.333333333333333        0.1666666666666667        1.7286956835897007E-002
    4.500000000000000        0.1666666666666667        1.6203089607170172E-002
    4.666666666666666        0.1666666666666667        1.5191794894163831E-002
    4.833333333333333        0.1666666666666667        1.4246233395920951E-002
    5.000000000000000        0.1666666666666667        1.3359930176925732E-002
    5.166666666666666        0.1666666666666667        1.2528321085568587E-002
    5.333333333333333        0.1666666666666667        1.1746285587338612E-002
    5.500000000000000        0.1666666666666667        1.1009640076424122E-002
    5.666666666666666        0.1666666666666667        1.0314633923291738E-002
    5.833333333333333        0.1666666666666667        9.6578895201774040E-003
    6.000000000000000        0.1666666666666667        9.0363504840363443E-003
    6.166666666666666        0.1666666666666667        8.4472377938683615E-003
    6.333333333333333        0.1666666666666667        7.8880127537239927E-003
    6.500000000000000        0.1666666666666667        7.3563456461010861E-003
    6.666666666666666        0.1666666666666667        6.8500890931939701E-003
    6.833333333333333        0.1666666666666667        6.3672553118953703E-003
    7.000000000000000        0.1666666666666667        5.9059965958907987E-003
    7.166666666666666        0.1666666666666667        5.4645884797768357E-003
    7.333333333333333        0.1666666666666667        5.0414151386359496E-003
    7.500000000000000        0.1666666666666667        4.6349566559513071E-003
    7.666666666666666        0.1666666666666667        4.2437778568647101E-003
    7.833333333333333        0.1666666666666667        3.8665184556471504E-003
    8.000000000000000        0.1666666666666667        3.5018843083231602E-003
    8.166666666666666        0.1666666666666667        3.1486395956066503E-003
    8.333333333333332        0.1666666666666667        2.8055997891895906E-003
    8.500000000000000        0.1666666666666667        2.4716252771640095E-003
    8.666666666666666        0.1666666666666667        2.1456155428674437E-003
    8.833333333333332        0.1666666666666667        1.8265038063924014E-003
    9.000000000000000        0.1666666666666667        1.5132520497889064E-003
    9.166666666666666        0.1666666666666667        1.2048463555643498E-003
    9.333333333333332        0.1666666666666667        9.0029249232119663E-004
    9.500000000000000        0.1666666666666667        5.9861167689817280E-004
    9.666666666666666        0.1666666666666667        2.9883641363357696E-004
    9.833333333333332        0.1666666666666667         0.000000000000000     
  
    0.000000000000000        0.3333333333333333         1.000000000000000     
   0.1666666666666667        0.3333333333333333        0.6969785762091105     
   0.3333333333333333        0.3333333333333333        0.4986530432506140     
   0.5000000000000000        0.3333333333333333        0.3746967073102555     
   0.6666666666666666        0.3333333333333333        0.2947828574404636     
   0.8333333333333333        0.3333333333333333        0.2406341852519730     
    1.000000000000000        0.3333333333333333        0.2020808571951030     
    1.166666666666667        0.3333333333333333        0.1734168167747154     
    1.333333333333333        0.3333333333333333        0.1513217914644145     
    1.500000000000000        0.3333333333333333        0.1337768143663937     
    1.666666666666667        0.3333333333333333        0.1194998217823822     
    1.833333333333333        0.3333333333333333        0.1076438702441712     
    2.000000000000000        0.3333333333333333        9.7629605286403312E-002
    2.166666666666667        0.3333333333333333        8.9048490281830081E-002
    2.333333333333333        0.3333333333333333        8.1604730781194484E-002
    2.500000000000000        0.3333333333333333        7.5079171620788129E-002
    2.666666666666667        0.3333333333333333        6.9306127739932458E-002
    2.833333333333333        0.3333333333333333        6.4158085426031922E-002
    3.000000000000000        0.3333333333333333        5.9535340025609694E-002
    3.166666666666667        0.3333333333333333        5.5358815782630008E-002
    3.333333333333333        0.3333333333333333        5.1564988208636996E-002
    3.500000000000000        0.3333333333333333        4.8102226982267848E-002
    3.666666666666667        0.3333333333333333        4.4928118152925356E-002
    3.833333333333333        0.3333333333333333        4.2007473935978035E-002
    4.000000000000000        0.3333333333333333        3.9310833383388123E-002
    4.166666666666666        0.3333333333333333        3.6813318855266321E-002
    4.333333333333333        0.3333333333333333        3.4493753996643103E-002
    4.500000000000000        0.3333333333333333        3.2333976384203086E-002
    4.666666666666666        0.3333333333333333        3.0318296789373981E-002
    4.833333333333333        0.3333333333333333        2.8433208512594243E-002
    5.000000000000000        0.3333333333333333        2.6665953948704461E-002
    5.166666666666666        0.3333333333333333        2.5007430873682381E-002
    5.333333333333333        0.3333333333333333        2.3447544180108117E-002
    5.500000000000000        0.3333333333333333        2.1978000228658482E-002
    5.666666666666666        0.3333333333333333        2.0591360180066919E-002
    5.833333333333333        0.3333333333333333        1.9280921243812588E-002
    6.000000000000000        0.3333333333333333        1.8040614688444971E-002
    6.166666666666666        0.3333333333333333        1.6864919569488514E-002
    6.333333333333333        0.3333333333333333        1.5748789876513066E-002
    6.500000000000000        0.3333333333333333        1.4687592843692093E-002
    6.666666666666666        0.3333333333333333        1.3677056491560988E-002
    6.833333333333333        0.3333333333333333        1.2713224804855820E-002
    7.000000000000000        0.3333333333333333        1.1792419241963439E-002
    7.166666666666666        0.3333333333333333        1.0911205509678966E-002
    7.333333333333333        0.3333333333333333        1.0066364729367647E-002
    7.500000000000000        0.3333333333333333        9.2548682756724288E-003
    7.666666666666666        0.3333333333333333        8.4738556940369986E-003
    7.833333333333333        0.3333333333333333        7.7206152045809495E-003
    8.000000000000000        0.3333333333333333        6.9925663820664943E-003
    8.166666666666666        0.3333333333333333        6.2872446686074472E-003
    8.333333333333332        0.3333333333333333        5.6022874303496822E-003
    8.500000000000000        0.3333333333333333        4.9354213139151332E-003
    8.666666666666666        0.3333333333333333        4.2844506947500157E-003
    8.833333333333332        0.3333333333333333        3.6472470390239431E-003
    9.000000000000000        0.3333333333333333        3.0217390243615872E-003
    9.166666666666666        0.3333333333333333        2.4059032829773543E-003
    9.333333333333332        0.3333333333333333        1.7977556436505394E-003
    9.500000000000000        0.3333333333333333        1.1953427556229837E-003
    9.666666666666666        0.3333333333333333        5.9673397763613492E-004
    9.833333333333332        0.3333333333333333         0.000000000000000     
  
    0.000000000000000        0.5000000000000000         1.000000000000000     
   0.1666666666666667        0.5000000000000000        0.7895980798233498     
   0.3333333333333333        0.5000000000000000        0.6212625571422002     
   0.5000000000000000        0.5000000000000000        0.4969695756718729     
   0.6666666666666666        0.5000000000000000        0.4066458236849698     
   0.8333333333333333        0.5000000000000000        0.3402179490304212     
    1.000000000000000        0.5000000000000000        0.2902404920832184     
    1.166666666666667        0.5000000000000000        0.2516722014941215     
    1.333333333333333        0.5000000000000000        0.2211719188286922     
    1.500000000000000        0.5000000000000000        0.1965126049853291     
    1.666666666666667        0.5000000000000000        0.1761840096476683     
    1.833333333333333        0.5000000000000000        0.1591395978057054     
    2.000000000000000        0.5000000000000000        0.1446376771231187     
    2.166666666666667        0.5000000000000000        0.1321410567628403     
    2.333333333333333        0.5000000000000000        0.1212526958853324     
    2.500000000000000        0.5000000000000000        0.1116736329898026     
    2.666666666666667        0.5000000000000000        0.1031749151304044     
    2.833333333333333        0.5000000000000000        9.5578486312147326E-002
    3.000000000000000        0.5000000000000000        8.8743921974293954E-002
    3.166666666666667        0.5000000000000000        8.2559052919502968E-002
    3.333333333333333        0.5000000000000000        7.6933225800097552E-002
    3.500000000000000        0.5000000000000000        7.1792382829375903E-002
    3.666666666666667        0.5000000000000000        6.7075417805536983E-002
    3.833333333333333        0.5000000000000000        6.2731441550203770E-002
    4.000000000000000        0.5000000000000000        5.8717704743123697E-002
    4.166666666666666        0.5000000000000000        5.4998002375073247E-002
    4.333333333333333        0.5000000000000000        5.1541435445530158E-002
    4.500000000000000        0.5000000000000000        4.8321440708146736E-002
    4.666666666666666        0.5000000000000000        4.5315023661707664E-002
    4.833333333333333        0.5000000000000000        4.2502349916377580E-002
    5.000000000000000        0.5000000000000000        3.9864686255269469E-002
    5.166666666666666        0.5000000000000000        3.7388562463376719E-002
    5.333333333333333        0.5000000000000000        3.5059122527976140E-002
    5.500000000000000        0.5000000000000000        3.2864113589987892E-002
    5.666666666666666        0.5000000000000000        3.0792533089668499E-002
    5.833333333333333        0.5000000000000000        2.8834456653328636E-002
    6.000000000000000        0.5000000000000000        2.6980889941632381E-002
    6.166666666666666        0.5000000000000000        2.5223643098326379E-002
    6.333333333333333        0.5000000000000000        2.3555224566015661E-002
    6.500000000000000        0.5000000000000000        2.1968751048462333E-002
    6.666666666666666        0.5000000000000000        2.0457870844650859E-002
    6.833333333333333        0.5000000000000000        1.9016698258241455E-002
    7.000000000000000        0.5000000000000000        1.7639757201664431E-002
    7.166666666666666        0.5000000000000000        1.6321932455518058E-002
    7.333333333333333        0.5000000000000000        1.5058427320038863E-002
    7.500000000000000        0.5000000000000000        1.3844726618130757E-002
    7.666666666666666        0.5000000000000000        1.2676564189396396E-002
    7.833333333333333        0.5000000000000000        1.1549894160451513E-002
    8.000000000000000        0.5000000000000000        1.0460865395357779E-002
    8.166666666666666        0.5000000000000000        9.4057986266548842E-003
    8.333333333333332        0.5000000000000000        8.3811658464281423E-003
    8.500000000000000        0.5000000000000000        7.3835716014299183E-003
    8.666666666666666        0.5000000000000000        6.4097358890882394E-003
    8.833333333333332        0.5000000000000000        5.4564783943278107E-003
    9.000000000000000        0.5000000000000000        4.5207038420936527E-003
    9.166666666666666        0.5000000000000000        3.5993882685577310E-003
    9.333333333333332        0.5000000000000000        2.6895660362999179E-003
    9.500000000000000        0.5000000000000000        1.7883174368085466E-003
    9.666666666666666        0.5000000000000000        8.9275674128797889E-004
    9.833333333333332        0.5000000000000000         0.000000000000000     
  
    0.000000000000000        0.6666666666666666         1.000000000000000     
   0.1666666666666667        0.6666666666666666        0.8401512712014624     
   0.3333333333333333        0.6666666666666666        0.6998296661295428     
   0.5000000000000000        0.6666666666666666        0.5852734023400659     
   0.6666666666666666        0.6666666666666666        0.4946131514694329     
   0.8333333333333333        0.6666666666666666        0.4233515843129813     
    1.000000000000000        0.6666666666666666        0.3669912992257973     
    1.166666666666667        0.6666666666666666        0.3218599652154696     
    1.333333333333333        0.6666666666666666        0.2851815113867244     
    1.500000000000000        0.6666666666666666        0.2549181568540425     
    1.666666666666667        0.6666666666666666        0.2295845380390820     
    1.833333333333333        0.6666666666666666        0.2080934009045873     
    2.000000000000000        0.6666666666666666        0.1896410563043559     
    2.166666666666667        0.6666666666666666        0.1736260105849446     
    2.333333333333333        0.6666666666666666        0.1595920470723980     
    2.500000000000000        0.6666666666666666        0.1471884686153539     
    2.666666666666667        0.6666666666666666        0.1361421658954876     
    2.833333333333333        0.6666666666666666        0.1262378060667100     
    3.000000000000000        0.6666666666666666        0.1173036206528417     
    3.166666666666667        0.6666666666666666        0.1092010864563444     
    3.333333333333333        0.6666666666666666        0.1018173414929597     
    3.500000000000000        0.6666666666666666        9.5059544427440107E-002
    3.666666666666667        0.6666666666666666        8.8850631315988665E-002
    3.833333333333333        0.6666666666666666        8.3126088706774959E-002
    4.000000000000000        0.6666666666666666        7.7831474416879515E-002
    4.166666666666666        0.6666666666666666        7.2920494340115022E-002
    4.333333333333333        0.6666666666666666        6.8353497062684412E-002
    4.500000000000000        0.6666666666666666        6.4096285509967696E-002
    4.666666666666666        0.6666666666666666        6.0119171374572448E-002
    4.833333333333333        0.6666666666666666        5.6396481235938947E-002
    5.000000000000000        0.6666666666666666        5.2903918569623613E-002
    5.166666666666666        0.6666666666666666        4.9623940083765306E-002
    5.333333333333333        0.6666666666666666        4.6537208456098565E-002
    5.500000000000000        0.6666666666666666        4.3627730527107930E-002
    5.666666666666666        0.6666666666666666        4.0881121132582000E-002
    5.833333333333333        0.6666666666666666        3.8284385145968644E-002
    6.000000000000000        0.6666666666666666        3.5825728989152379E-002
    6.166666666666666        0.6666666666666666        3.3494400358054156E-002
    6.333333333333333        0.6666666666666666        3.1280552315056311E-002
    6.500000000000000        0.6666666666666666        2.9175127789946253E-002
    6.666666666666666        0.6666666666666666        2.7169761034664827E-002
    6.833333333333333        0.6666666666666666        2.5256693154014940E-002
    7.000000000000000        0.6666666666666666        2.3428699346032221E-002
    7.166666666666666        0.6666666666666666        2.1679025909678573E-002
    7.333333333333333        0.6666666666666666        2.0001335422029833E-002
    7.500000000000000        0.6666666666666666        1.8389658765926509E-002
    7.666666666666666        0.6666666666666666        1.6838352914930521E-002
    7.833333333333333        0.6666666666666666        1.5342063565927508E-002
    8.000000000000000        0.6666666666666666        1.3895691859228679E-002
    8.166666666666666        0.6666666666666666        1.2494364548179968E-002
    8.333333333333332        0.6666666666666666        1.1133407080298101E-002
    8.500000000000000        0.6666666666666666        9.8083191339429533E-003
    8.666666666666666        0.6666666666666666        8.5147522217692128E-003
    8.833333333333332        0.6666666666666666        7.2484890272848457E-003
    9.000000000000000        0.6666666666666666        6.0054241858958982E-003
    9.166666666666666        0.6666666666666666        4.7815462586242507E-003
    9.333333333333332        0.6666666666666666        3.5729206769208707E-003
    9.500000000000000        0.6666666666666666        2.3756734626006197E-003
    9.666666666666666        0.6666666666666666        1.1859755507072343E-003
    9.833333333333332        0.6666666666666666         0.000000000000000     
  
    0.000000000000000        0.8333333333333333         1.000000000000000     
   0.1666666666666667        0.8333333333333333        0.8711774474025583     
   0.3333333333333333        0.8333333333333333        0.7526316077723669     
   0.5000000000000000        0.8333333333333333        0.6496814560844167     
   0.6666666666666666        0.8333333333333333        0.5631821011264649     
   0.8333333333333333        0.8333333333333333        0.4915843077723466     
    1.000000000000000        0.8333333333333333        0.4325135890026547     
    1.166666666666667        0.8333333333333333        0.3835953445399672     
    1.333333333333333        0.8333333333333333        0.3427765609407557     
    1.500000000000000        0.8333333333333333        0.3083945880734302     
    1.666666666666667        0.8333333333333333        0.2791432567057688     
    1.833333333333333        0.8333333333333333        0.2540091382713813     
    2.000000000000000        0.8333333333333333        0.2322079160667541     
    2.166666666666667        0.8333333333333333        0.2131307119961357     
    2.333333333333333        0.8333333333333333        0.1963018908757276     
    2.500000000000000        0.8333333333333333        0.1813469514680666     
    2.666666666666667        0.8333333333333333        0.1679684393256079     
    2.833333333333333        0.8333333333333333        0.1559279567437465     
    3.000000000000000        0.8333333333333333        0.1450327103203992     
    3.166666666666667        0.8333333333333333        0.1351254068296660     
    3.333333333333333        0.8333333333333333        0.1260766161298754     
    3.500000000000000        0.8333333333333333        0.1177789565184167     
    3.666666666666667        0.8333333333333333        0.1101426331416945     
    3.833333333333333        0.8333333333333333        0.1030919874396391     
    4.000000000000000        0.8333333333333333        9.6562807510699428E-002
    4.166666666666666        0.8333333333333333        9.0500215497747269E-002
    4.333333333333333        0.8333333333333333        8.4856995898508869E-002
    4.500000000000000        0.8333333333333333        7.9592263363707463E-002
    4.666666666666666        0.8333333333333333        7.4670393820526343E-002
    4.833333333333333        0.8333333333333333        7.0060485083182161E-002
    5.000000000000000        0.8333333333333333        6.5733183499229020E-002
    5.166666666666666        0.8333333333333333        6.1667262062664895E-002
    5.333333333333333        0.8333333333333333        5.7839245006884650E-002
    5.500000000000000        0.8333333333333333        5.4229675706938540E-002
    5.666666666666666        0.8333333333333333        5.0821016473258242E-002
    5.833333333333333        0.8333333333333333        4.7597393648003188E-002
    6.000000000000000        0.8333333333333333        4.4544375865365853E-002
    6.166666666666666        0.8333333333333333        4.1648784689684325E-002
    6.333333333333333        0.8333333333333333        3.8898533486031596E-002
    6.500000000000000        0.8333333333333333        3.6282490078050060E-002
    6.666666666666666        0.8333333333333333        3.3790359249880032E-002
    6.833333333333333        0.8333333333333333        3.1412581778599583E-002
    7.000000000000000        0.8333333333333333        2.9140247257123445E-002
    7.166666666666666        0.8333333333333333        2.6965018448896257E-002
    7.333333333333333        0.8333333333333333        2.4879065309806343E-002
    7.500000000000000        0.8333333333333333        2.2875007133324292E-002
    7.666666666666666        0.8333333333333333        2.0945861535672395E-002
    7.833333333333333        0.8333333333333333        1.9084999210463551E-002
    8.000000000000000        0.8333333333333333        1.7286103556064719E-002
    8.166666666666666        0.8333333333333333        1.5543134421371898E-002
    8.333333333333332        0.8333333333333333        1.3850295332622390E-002
    8.500000000000000        0.8333333333333333        1.2202003659992926E-002
    8.666666666666666        0.8333333333333333        1.0592863261771527E-002
    8.833333333333332        0.8333333333333333        9.0176392088564105E-003
    9.000000000000000        0.8333333333333333        7.4712342457008826E-003
    9.166666666666666        0.8333333333333333        5.9486666876861381E-003
    9.333333333333332        0.8333333333333333        4.4450494911258990E-003
    9.500000000000000        0.8333333333333333        2.9555702624292418E-003
    9.666666666666666        0.8333333333333333        1.4754719989403388E-003
    9.833333333333332        0.8333333333333333         0.000000000000000     
  
    0.000000000000000         1.000000000000000         1.000000000000000     
   0.1666666666666667         1.000000000000000        0.8919270419397125     
   0.3333333333333333         1.000000000000000        0.7898380721579360     
   0.5000000000000000         1.000000000000000        0.6976390040608317     
   0.6666666666666666         1.000000000000000        0.6168498598925160     
   0.8333333333333333         1.000000000000000        0.5472904059953260     
    1.000000000000000         1.000000000000000        0.4878839310123472     
    1.166666666666667         1.000000000000000        0.4372318650455561     
    1.333333333333333         1.000000000000000        0.3939354754109944     
    1.500000000000000         1.000000000000000        0.3567411249425980     
    1.666666666666667         1.000000000000000        0.3245855787953653     
    1.833333333333333         1.000000000000000        0.2965928624918087     
    2.000000000000000         1.000000000000000        0.2720517048488772     
    2.166666666666667         1.000000000000000        0.2503880388549234     
    2.333333333333333         1.000000000000000        0.2311389196209023     
    2.500000000000000         1.000000000000000        0.2139301288274323     
    2.666666666666667         1.000000000000000        0.1984578568016426     
    2.833333333333333         1.000000000000000        0.1844740932871958     
    3.000000000000000         1.000000000000000        0.1717751239585018     
    3.166666666666667         1.000000000000000        0.1601925225392452     
    3.333333333333333         1.000000000000000        0.1495861052717423     
    3.500000000000000         1.000000000000000        0.1398384115829665     
    3.666666666666667         1.000000000000000        0.1308503661831016     
    3.833333333333333         1.000000000000000        0.1225378549685822     
    4.000000000000000         1.000000000000000        0.1148290088749654     
    4.166666666666666         1.000000000000000        0.1076620379373375     
    4.333333333333333         1.000000000000000        0.1009834947322747     
    4.500000000000000         1.000000000000000        9.4746874489746072E-002
    4.666666666666666         1.000000000000000        8.8911480514676525E-002
    4.833333333333333         1.000000000000000        8.3441881777034307E-002
    5.000000000000000         1.000000000000000        7.8304247999650231E-002
    5.166666666666666         1.000000000000000        7.3474125888179947E-002
    5.333333333333333         1.000000000000000        6.8924297435704537E-002
    5.500000000000000         1.000000000000000        6.4632165983491613E-002
    5.666666666666666         1.000000000000000        6.0577311346293607E-002
    5.833333333333333         1.000000000000000        5.6741207828199997E-002
    6.000000000000000         1.000000000000000        5.3106977167159092E-002
    6.166666666666666         1.000000000000000        4.9659176463284681E-002
    6.333333333333333         1.000000000000000        4.6383616966068610E-002
    6.500000000000000         1.000000000000000        4.3267209046098820E-002
    6.666666666666666         1.000000000000000        4.0297829123117641E-002
    6.833333333333333         1.000000000000000        3.7464204959896545E-002
    7.000000000000000         1.000000000000000        3.4755816331983873E-002
    7.166666666666666         1.000000000000000        3.2162808595361921E-002
    7.333333333333333         1.000000000000000        2.9675917097172214E-002
    7.500000000000000         1.000000000000000        2.7286400721225703E-002
    7.666666666666666         1.000000000000000        2.4985983143510970E-002
    7.833333333333333         1.000000000000000        2.2766800605142867E-002
    8.000000000000000         1.000000000000000        2.0621355200824889E-002
    8.166666666666666         1.000000000000000        1.8542472837696947E-002
    8.333333333333332         1.000000000000000        1.6523265148613339E-002
    8.500000000000000         1.000000000000000        1.4557094750405042E-002
    8.666666666666666         1.000000000000000        1.2637543325510042E-002
    8.833333333333332         1.000000000000000        1.0758382077737610E-002
    9.000000000000000         1.000000000000000        8.9135441725370409E-003
    9.166666666666666         1.000000000000000        7.0970988212167713E-003
    9.333333333333332         1.000000000000000        5.3032267090253882E-003
    9.500000000000000         1.000000000000000        3.5261965004553717E-003
    9.666666666666666         1.000000000000000        1.7603421826248786E-003
    9.833333333333332         1.000000000000000         0.000000000000000     
  
    0.000000000000000         1.166666666666667         1.000000000000000     
   0.1666666666666667         1.166666666666667        0.9066928017744343     
   0.3333333333333333         1.166666666666667        0.8171548815065006     
   0.5000000000000000         1.166666666666667        0.7341869689433044     
   0.6666666666666666         1.166666666666667        0.6592883628233946     
   0.8333333333333333         1.166666666666667        0.5928440520466131     
    1.000000000000000         1.166666666666667        0.5345004813680978     
    1.166666666666667         1.166666666666667        0.4835134152248182     
    1.333333333333333         1.166666666666667        0.4389931431358881     
    1.500000000000000         1.166666666666667        0.4000497338611332     
    1.666666666666667         1.166666666666667        0.3658660286701751     
    1.833333333333333         1.166666666666667        0.3357260640302955     
    2.000000000000000         1.166666666666667        0.3090191131936652     
    2.166666666666667         1.166666666666667        0.2852320020826064     
    2.333333333333333         1.166666666666667        0.2639368714666592     
    2.500000000000000         1.166666666666667        0.2447781036888684     
    2.666666666666667         1.166666666666667        0.2274601429129148     
    2.833333333333333         1.166666666666667        0.2117368696594530     
    3.000000000000000         1.166666666666667        0.1974026564151151     
    3.166666666666667         1.166666666666667        0.1842849892496890     
    3.333333333333333         1.166666666666667        0.1722384500013621     
    3.500000000000000         1.166666666666667        0.1611398370186784     
    3.666666666666667         1.166666666666667        0.1508842185764212     
    3.833333333333333         1.166666666666667        0.1413817410923919     
    4.000000000000000         1.166666666666667        0.1325550442106689     
    4.166666666666666         1.166666666666667        0.1243371623623571     
    4.333333333333333         1.166666666666667        0.1166698160504076     
    4.500000000000000         1.166666666666667        0.1095020156354007     
    4.666666666666666         1.166666666666667        0.1027889161932379     
    4.833333333333333         1.166666666666667        9.6491313510628340E-002
    5.000000000000000         1.166666666666667        9.0571531250515661E-002
    5.166666666666666         1.166666666666667        8.5002391760723495E-002
    5.333333333333333         1.166666666666667        7.9753370162884196E-002
    5.500000000000000         1.166666666666667        7.4799087366755793E-002
    5.666666666666666         1.166666666666667        7.0116540724105836E-002
    5.833333333333333         1.166666666666667        6.5684805302136981E-002
    6.000000000000000         1.166666666666667        6.1484769887685836E-002
    6.166666666666666         1.166666666666667        5.7498908994278675E-002
    6.333333333333333         1.166666666666667        5.3711087078797765E-002
    6.500000000000000         1.166666666666667        5.0106390317911031E-002
    6.666666666666666         1.166666666666667        4.6670981634500987E-002
    6.833333333333333         1.166666666666667        4.3391975267997519E-002
    7.000000000000000         1.166666666666667        4.0257327776356489E-002
    7.166666666666666         1.166666666666667        3.7255742873448801E-002
    7.333333333333333         1.166666666666667        3.4376587937096637E-002
    7.500000000000000         1.166666666666667        3.1609820379422053E-002
    7.666666666666666         1.166666666666667        2.8945922364761283E-002
    7.833333333333333         1.166666666666667        2.6375842602310576E-002
    8.000000000000000         1.166666666666667        2.3890944140270712E-002
    8.166666666666666         1.166666666666667        2.1482957253184786E-002
    8.333333333333332         1.166666666666667        1.9143936650587608E-002
    8.500000000000000         1.166666666666667        1.6866222347978046E-002
    8.666666666666666         1.166666666666667        1.4642403634508357E-002
    8.833333333333332         1.166666666666667        1.2465285648933282E-002
    9.000000000000000         1.166666666666667        1.0327858138990668E-002
    9.166666666666666         1.166666666666667        8.2232660317790723E-003
    9.333333333333332         1.166666666666667        6.1447814858112274E-003
    9.500000000000000         1.166666666666667        4.0857771309071008E-003
    9.666666666666666         1.166666666666667        2.0397002311038043E-003
    9.833333333333332         1.166666666666667         0.000000000000000     
  
    0.000000000000000         1.333333333333333         1.000000000000000     
   0.1666666666666667         1.333333333333333        0.9176894589832481     
   0.3333333333333333         1.333333333333333        0.8379019649245139     
   0.5000000000000000         1.333333333333333        0.7626660169291601     
   0.6666666666666666         1.333333333333333        0.6932730670856025     
   0.8333333333333333         1.333333333333333        0.6302975603325508     
    1.000000000000000         1.333333333333333        0.5737612332554308     
    1.166666666666667         1.333333333333333        0.5233289788921897     
    1.333333333333333         1.333333333333333        0.4784748545161356     
    1.500000000000000         1.333333333333333        0.4385996412727720     
    1.666666666666667         1.333333333333333        0.4031038335994097     
    1.833333333333333         1.333333333333333        0.3714274370721249     
    2.000000000000000         1.333333333333333        0.3430679532545626     
    2.166666666666667         1.333333333333333        0.3175853385981582     
    2.333333333333333         1.333333333333333        0.2945998925882012     
    2.500000000000000         1.333333333333333        0.2737867777782456     
    2.666666666666667         1.333333333333333        0.2548693174396124     
    2.833333333333333         1.333333333333333        0.2376122270809434     
    3.000000000000000         1.333333333333333        0.2218153442168066     
    3.166666666666667         1.333333333333333        0.2073080849240054     
    3.333333333333333         1.333333333333333        0.1939446757546212     
    3.500000000000000         1.333333333333333        0.1816001204374761     
    3.666666666666667         1.333333333333333        0.1701668224852502     
    3.833333333333333         1.333333333333333        0.1595517736600402     
    4.000000000000000         1.333333333333333        0.1496742206760993     
    4.166666666666666         1.333333333333333        0.1404637310139527     
    4.333333333333333         1.333333333333333        0.1318585892706043     
    4.500000000000000         1.333333333333333        0.1238044660479056     
    4.666666666666666         1.333333333333333        0.1162533110555421     
    4.833333333333333         1.333333333333333        0.1091629248217256     
    5.000000000000000         1.333333333333333        0.1024924400015278     
    5.166666666666666         1.333333333333333        9.6212479101948467E-002
    5.333333333333333         1.333333333333333        9.0289669125640834E-002
    5.500000000000000         1.333333333333333        8.4696227372706059E-002
    5.666666666666666         1.333333333333333        7.9406888358592553E-002
    5.833333333333333         1.333333333333333        7.4398598622034906E-002
    6.000000000000000         1.333333333333333        6.9650244200223546E-002
    6.166666666666666         1.333333333333333        6.5142413592168352E-002
    6.333333333333333         1.333333333333333        6.0857193034403415E-002
    6.500000000000000         1.333333333333333        5.6777989702021657E-002
    6.666666666666666         1.333333333333333        5.2889378637206115E-002
    6.833333333333333         1.333333333333333        4.9176969738665803E-002
    7.000000000000000         1.333333333333333        4.5627291701237860E-002
    7.166666666666666         1.333333333333333        4.2227690290235827E-002
    7.333333333333333         1.333333333333333        3.8966238755480463E-002
    7.500000000000000         1.333333333333333        3.5831658540908806E-002
    7.666666666666666         1.333333333333333        3.2813248737190097E-002
    7.833333333333333         1.333333333333333        2.9900822966700692E-002
    8.000000000000000         1.333333333333333        2.7084652591046466E-002
    8.166666666666666         1.333333333333333        2.4355415298166185E-002
    8.333333333333332         1.333333333333333        2.1704148264720259E-002
    8.500000000000000         1.333333333333333        1.9122205204704312E-002
    8.666666666666666         1.333333333333333        1.6601216710884152E-002
    8.833333333333332         1.333333333333333        1.4133053374881440E-002
    9.000000000000000         1.333333333333333        1.1709791237155582E-002
    9.166666666666666         1.333333333333333        9.3236791719177852E-003
    9.333333333333332         1.333333333333333        6.9671078561178027E-003
    9.500000000000000         1.333333333333333        4.6325800079649411E-003
    9.666666666666666         1.333333333333333        2.3126816108832377E-003
    9.833333333333332         1.333333333333333         0.000000000000000     
  
    0.000000000000000         1.500000000000000         1.000000000000000     
   0.1666666666666667         1.500000000000000        0.9261632657400336     
   0.3333333333333333         1.500000000000000        0.8540978182438338     
   0.5000000000000000         1.500000000000000        0.7853025037259220     
   0.6666666666666666         1.500000000000000        0.7208408855165048     
   0.8333333333333333         1.500000000000000        0.6613125648589068     
    1.000000000000000         1.500000000000000        0.6069187048464965     
    1.166666666666667         1.500000000000000        0.5575673189583478     
    1.333333333333333         1.500000000000000        0.5129786722581694     
    1.500000000000000         1.500000000000000        0.4727712685526565     
    1.666666666666667         1.500000000000000        0.4365234573087332     
    1.833333333333333         1.500000000000000        0.4038132280830176     
    2.000000000000000         1.500000000000000        0.3742413515825072     
    2.166666666666667         1.500000000000000        0.3474430263857936     
    2.333333333333333         1.500000000000000        0.3230921904162218     
    2.500000000000000         1.500000000000000        0.3009014885582461     
    2.666666666666667         1.500000000000000        0.2806198914548271     
    2.833333333333333         1.500000000000000        0.2620292196315995     
    3.000000000000000         1.500000000000000        0.2449403188867882     
    3.166666666666667         1.500000000000000        0.2291893032180893     
    3.333333333333333         1.500000000000000        0.2146340770325377     
    3.500000000000000         1.500000000000000        0.2011512266912371     
    3.666666666666667         1.500000000000000        0.1886333023559811     
    3.833333333333333         1.500000000000000        0.1769864743255267     
    4.000000000000000         1.500000000000000        0.1661285304835753     
    4.166666666666666         1.500000000000000        0.1559871749408150     
    4.333333333333333         1.500000000000000        0.1464985874474714     
    4.500000000000000         1.500000000000000        0.1376062057071929     
    4.666666666666666         1.500000000000000        0.1292596966105478     
    4.833333333333333         1.500000000000000        0.1214146347192040     
    5.000000000000000         1.500000000000000        0.1140276167205575     
    5.166666666666666         1.500000000000000        0.1070675920723694     
    5.333333333333333         1.500000000000000        0.1004988060821517     
    5.500000000000000         1.500000000000000        9.4291459741769390E-002
    5.666666666666666         1.500000000000000        8.8418353601629973E-002
    5.833333333333333         1.500000000000000        8.2854585851812809E-002
    6.000000000000000         1.500000000000000        7.7577279351616457E-002
    6.166666666666666         1.500000000000000        7.2565342219390441E-002
    6.333333333333333         1.500000000000000        6.7799259671700501E-002
    6.500000000000000         1.500000000000000        6.3260913203157604E-002
    6.666666666666666         1.500000000000000        5.8933423196785295E-002
    6.833333333333333         1.500000000000000        5.4801011478862904E-002
    7.000000000000000         1.500000000000000        5.0848880822431733E-002
    7.166666666666666         1.500000000000000        4.7063108856660832E-002
    7.333333333333333         1.500000000000000        4.3430554231459445E-002
    7.500000000000000         1.500000000000000        3.9938773218593904E-002
    7.666666666666666         1.500000000000000        3.6575945209069920E-002
    7.833333333333333         1.500000000000000        3.3330805799589698E-002
    8.000000000000000         1.500000000000000        3.0192586355746766E-002
    8.166666666666666         1.500000000000000        2.7150959102515162E-002
    8.333333333333332         1.500000000000000        2.4195986928732267E-002
    8.500000000000000         1.500000000000000        2.1318077205970096E-002
    8.666666666666666         1.500000000000000        1.8507939016970100E-002
    8.833333333333332         1.500000000000000        1.5756543267570155E-002
    9.000000000000000         1.500000000000000        1.3055085221125674E-002
    9.166666666666666         1.500000000000000        1.0394949047716751E-002
    9.333333333333332         1.500000000000000        7.7676740236202286E-003
    9.500000000000000         1.500000000000000        5.1649220517279151E-003
    9.666666666666666         1.500000000000000        2.5784462044642054E-003
    9.833333333333332         1.500000000000000         0.000000000000000     
  
    0.000000000000000         1.666666666666667         1.000000000000000     
   0.1666666666666667         1.666666666666667        0.9328660027607993     
   0.3333333333333333         1.666666666666667        0.8670238876918243     
   0.5000000000000000         1.666666666666667        0.8036057771442875     
   0.6666666666666666         1.666666666666667        0.7434760223930983     
   0.8333333333333333         1.666666666666667        0.6871938560012589     
    1.000000000000000         1.666666666666667        0.6350345784582223     
    1.166666666666667         1.666666666666667        0.5870439220661496     
    1.333333333333333         1.666666666666667        0.5431023721582527     
    1.500000000000000         1.666666666666667        0.5029845479475510     
    1.666666666666667         1.666666666666667        0.4664068591789032     
    1.833333333333333         1.666666666666667        0.4330621380195480     
    2.000000000000000         1.666666666666667        0.4026427773021757     
    2.166666666666667         1.666666666666667        0.3748549059762121     
    2.333333333333333         1.666666666666667        0.3494261325174610     
    2.500000000000000         1.666666666666667        0.3261089650891823     
    2.666666666666667         1.666666666666667        0.3046814973421683     
    2.833333333333333         1.666666666666667        0.2849464792049832     
    3.000000000000000         1.666666666666667        0.2667295216243969     
    3.166666666666667         1.666666666666667        0.2498769141173853     
    3.333333333333333         1.666666666666667        0.2342533472268291     
    3.500000000000000         1.666666666666667        0.2197397079436737     
    3.666666666666667         1.666666666666667        0.2062310366065215     
    3.833333333333333         1.666666666666667        0.1936346844872760     
    4.000000000000000         1.666666666666667        0.1818686819018098     
    4.166666666666666         1.666666666666667        0.1708603101024050     
    4.333333333333333         1.666666666666667        0.1605448616203213     
    4.500000000000000         1.666666666666667        0.1508645699857213     
    4.666666666666666         1.666666666666667        0.1417676888081810     
    4.833333333333333         1.666666666666667        0.1332083007239853     
    5.000000000000000         1.666666666666667        0.1251410997735503     
    5.166666666666666         1.666666666666667        0.1175338729416033     
    5.333333333333333         1.666666666666667        0.1103489435009762     
    5.500000000000000         1.666666666666667        0.1035548800919069     
    5.666666666666666         1.666666666666667        9.7122877598208257E-002
    5.833333333333333         1.666666666666667        9.1026467403366632E-002
    6.000000000000000         1.666666666666667        8.5241251452069081E-002
    6.166666666666666         1.666666666666667        7.9744666670146069E-002
    6.333333333333333         1.666666666666667        7.4515778527178000E-002
    6.500000000000000         1.666666666666667        6.9535100506598571E-002
    6.666666666666666         1.666666666666667        6.4784436012214092E-002
    6.833333333333333         1.666666666666667        6.0246739524888328E-002
    7.000000000000000         1.666666666666667        5.5905994225283646E-002
    7.166666666666666         1.666666666666667        5.1747103692374535E-002
    7.333333333333333         1.666666666666667        4.7755795638001385E-002
    7.500000000000000         1.666666666666667        4.3918535939412633E-002
    7.666666666666666         1.666666666666667        4.0222451487980135E-002
    7.833333333333333         1.666666666666667        3.6655260588760626E-002
    8.000000000000000         1.666666666666667        3.3205209828071645E-002
    8.166666666666666         1.666666666666667        2.9861016479918987E-002
    8.333333333333332         1.666666666666667        2.6611815651382653E-002
    8.500000000000000         1.666666666666667        2.3447111475666717E-002
    8.666666666666666         1.666666666666667        2.0356731752541324E-002
    8.833333333333332         1.666666666666667        1.7330785511886795E-002
    9.000000000000000         1.666666666666667        1.4359623038957547E-002
    9.166666666666666         1.666666666666667        1.1433797951143668E-002
    9.333333333333332         1.666666666666667        8.5440309561614029E-003
    9.500000000000000         1.666666666666667        5.6811749519804769E-003
    9.666666666666666         1.666666666666667        2.8361811552456693E-003
    9.833333333333332         1.666666666666667         0.000000000000000     
  
    0.000000000000000         1.833333333333333         1.000000000000000     
   0.1666666666666667         1.833333333333333        0.9382770944408412     
   0.3333333333333333         1.833333333333333        0.8775263337121322     
   0.5000000000000000         1.833333333333333        0.8186212220683464     
   0.6666666666666666         1.833333333333333        0.7622642436140217     
   0.8333333333333333         1.833333333333333        0.7089530744384381     
    1.000000000000000         1.833333333333333        0.6589827879067358     
    1.166666666666667         1.833333333333333        0.6124725134658887     
    1.333333333333333         1.833333333333333        0.5694035754728489     
    1.500000000000000         1.833333333333333        0.5296590515256233     
    1.666666666666667         1.833333333333333        0.4930587794041830     
    1.833333333333333         1.833333333333333        0.4593872953052807     
    2.000000000000000         1.833333333333333        0.4284144384119760     
    2.166666666666667         1.833333333333333        0.3999095243253523     
    2.333333333333333         1.833333333333333        0.3736504116182539     
    2.500000000000000         1.833333333333333        0.3494287856541834     
    2.666666666666667         1.833333333333333        0.3270527920394515     
    2.833333333333333         1.833333333333333        0.3063479051199351     
    3.000000000000000         1.833333333333333        0.2871566832111433     
    3.166666666666667         1.833333333333333        0.2693378686838864     
    3.333333333333333         1.833333333333333        0.2527651426040710     
    3.500000000000000         1.833333333333333        0.2373257355226943     
    3.666666666666667         1.833333333333333        0.2229190202211543     
    3.833333333333333         1.833333333333333        0.2094551607080691     
    4.000000000000000         1.833333333333333        0.1968538577355930     
    4.166666666666666         1.833333333333333        0.1850432092725354     
    4.333333333333333         1.833333333333333        0.1739586908475712     
    4.500000000000000         1.833333333333333        0.1635422526894174     
    4.666666666666666         1.833333333333333        0.1537415261687860     
    4.833333333333333         1.833333333333333        0.1445097795950059     
    5.000000000000000         1.833333333333333        0.1358003988335800     
    5.166666666666666         1.833333333333333        0.1275804850950993     
    5.333333333333333         1.833333333333333        0.1198108809067795     
    5.500000000000000         1.833333333333333        0.1124588928430248     
    5.666666666666666         1.833333333333333        0.1054944288587883     
    5.833333333333333         1.833333333333333        9.8889728930058179E-002
    6.000000000000000         1.833333333333333        9.2619112829032055E-002
    6.166666666666666         1.833333333333333        8.6658753868254418E-002
    6.333333333333333         1.833333333333333        8.0986478803008924E-002
    6.500000000000000         1.833333333333333        7.5581591507863963E-002
    6.666666666666666         1.833333333333333        7.0424717508563481E-002
    6.833333333333333         1.833333333333333        6.5497666570217328E-002
    7.000000000000000         1.833333333333333        6.0783310843718387E-002
    7.166666666666666         1.833333333333333        5.6265476397165018E-002
    7.333333333333333         1.833333333333333        5.1928846259158251E-002
    7.500000000000000         1.833333333333333        4.7758873364265854E-002
    7.666666666666666         1.833333333333333        4.3741702017733038E-002
    7.833333333333333         1.833333333333333        3.9864096690208212E-002
    8.000000000000000         1.833333333333333        3.6113377118062139E-002
    8.166666666666666         1.833333333333333        3.2477358824821237E-002
    8.333333333333332         1.833333333333333        2.8944298297862110E-002
    8.500000000000000         1.833333333333333        2.5502842154891792E-002
    8.666666666666666         1.833333333333333        2.2141979719483059E-002
    8.833333333333332         1.833333333333333        1.8850998496233833E-002
    9.000000000000000         1.833333333333333        1.5619442095616790E-002
    9.166666666666666         1.833333333333333        1.2437070206933539E-002
    9.333333333333332         1.833333333333333        9.2938202537045083E-003
    9.500000000000000         1.833333333333333        6.1797703855348473E-003
    9.666666666666666         1.833333333333333        3.0851034645379941E-003
    9.833333333333332         1.833333333333333         0.000000000000000     
  
    0.000000000000000         2.000000000000000         1.000000000000000     
   0.1666666666666667         2.000000000000000        0.9427162971439694     
   0.3333333333333333         2.000000000000000        0.8861835424803489     
   0.5000000000000000         2.000000000000000        0.8310891037544186     
   0.6666666666666666         2.000000000000000        0.7780073827723046     
   0.8333333333333333         2.000000000000000        0.7273722925997760     
    1.000000000000000         2.000000000000000        0.6794720199814784     
    1.166666666666667         2.000000000000000        0.6344609521816866     
    1.333333333333333         2.000000000000000        0.5923816938197737     
    1.500000000000000         2.000000000000000        0.5531907735379853     
    1.666666666666667         2.000000000000000        0.5167835185353347     
    1.833333333333333         2.000000000000000        0.4830155641027890     
    2.000000000000000         2.000000000000000        0.4517200219914380     
    2.166666666666667         2.000000000000000        0.4227203275653504     
    2.333333333333333         2.000000000000000        0.3958393053569942     
    2.500000000000000         2.000000000000000        0.3709051841765679     
    2.666666666666667         2.000000000000000        0.3477552928054698     
    2.833333333333333         2.000000000000000        0.3262380745114029     
    3.000000000000000         2.000000000000000        0.3062139346463402     
    3.166666666666667         2.000000000000000        0.2875553135681091     
    3.333333333333333         2.000000000000000        0.2701462718693709     
    3.500000000000000         2.000000000000000        0.2538817907318371     
    3.666666666666667         2.000000000000000        0.2386669262226012     
    3.833333333333333         2.000000000000000        0.2244159094350245     
    4.000000000000000         2.000000000000000        0.2110512509731906     
    4.166666666666666         2.000000000000000        0.1985028850911014     
    4.333333333333333         2.000000000000000        0.1867073731072265     
    4.500000000000000         2.000000000000000        0.1756071754553793     
    4.666666666666666         2.000000000000000        0.1651499954800281     
    4.833333333333333         2.000000000000000        0.1552888926536723     
    5.000000000000000         2.000000000000000        0.1459764927291320     
    5.166666666666666         2.000000000000000        0.1371796299920884     
    5.333333333333333         2.000000000000000        0.1288580855004166     
    5.500000000000000         2.000000000000000        0.1209782513999278     
    5.666666666666666         2.000000000000000        0.1135090495921735     
    5.833333333333333         2.000000000000000        0.1064216911907039     
    6.000000000000000         2.000000000000000        9.9689443512398557E-002
    6.166666666666666         2.000000000000000        9.3287417606939108E-002
    6.333333333333333         2.000000000000000        8.7192378389899558E-002
    6.500000000000000         2.000000000000000        8.1382575932039583E-002
    6.666666666666666         2.000000000000000        7.5837595572876060E-002
    6.833333333333333         2.000000000000000        7.0538224488799234E-002
    7.000000000000000         2.000000000000000        6.5466332552125264E-002
    7.166666666666666         2.000000000000000        6.0604765573080664E-002
    7.333333333333333         2.000000000000000        5.5937249262425992E-002
    7.500000000000000         2.000000000000000        5.1448302472444536E-002
    7.666666666666666         2.000000000000000        4.7123158466172044E-002
    7.833333333333333         2.000000000000000        4.2947693130877033E-002
    8.000000000000000         2.000000000000000        3.8908359194731956E-002
    8.166666666666666         2.000000000000000        3.4992125628200380E-002
    8.333333333333332         2.000000000000000        3.1186421516534332E-002
    8.500000000000000         2.000000000000000        2.7479083779290175E-002
    8.666666666666666         2.000000000000000        2.3858308189063707E-002
    8.833333333333332         2.000000000000000        2.0312603206676067E-002
    9.000000000000000         2.000000000000000        1.6830746205548849E-002
    9.166666666666666         2.000000000000000        1.3401741704875252E-002
    9.333333333333332         2.000000000000000        1.0014781266701625E-002
    9.500000000000000         2.000000000000000        6.6592047207447210E-003
    9.666666666666666         2.000000000000000        3.3244623173714579E-003
    9.833333333333332         2.000000000000000         0.000000000000000     
  
    0.000000000000000         2.166666666666667         1.000000000000000     
   0.1666666666666667         2.166666666666667        0.9464048257082621     
   0.3333333333333333         2.166666666666667        0.8934028765613401     
   0.5000000000000000         2.166666666666667        0.8415448784728593     
   0.6666666666666666         2.166666666666667        0.7913046705246543     
   0.8333333333333333         2.166666666666667        0.7430576389813184     
    1.000000000000000         2.166666666666667        0.6970731563821699     
    1.166666666666667         2.166666666666667        0.6535188504360997     
    1.333333333333333         2.166666666666667        0.6124728988949945     
    1.500000000000000         2.166666666666667        0.5739404064823034     
    1.666666666666667         2.166666666666667        0.5378706798718424     
    1.833333333333333         2.166666666666667        0.5041732846882263     
    2.000000000000000         2.166666666666667        0.4727317577215904     
    2.166666666666667         2.166666666666667        0.4434145881842590     
    2.333333333333333         2.166666666666667        0.4160835511172769     
    2.500000000000000         2.166666666666667        0.3905997227606981     
    2.666666666666667         2.166666666666667        0.3668276002515345     
    2.833333333333333         2.166666666666667        0.3446377478965605     
    3.000000000000000         2.166666666666667        0.3239083448980477     
    3.166666666666667         2.166666666666667        0.3045259441283426     
    3.333333333333333         2.166666666666667        0.2863856851314277     
    3.500000000000000         2.166666666666667        0.2693911452260754     
    3.666666666666667         2.166666666666667        0.2534539634523432     
    3.833333333333333         2.166666666666667        0.2384933333585276     
    4.000000000000000         2.166666666666667        0.2244354311426794     
    4.166666666666666         2.166666666666667        0.2112128238366899     
    4.333333333333333         2.166666666666667        0.1987638864304525     
    4.500000000000000         2.166666666666667        0.1870322457223501     
    4.666666666666666         2.166666666666667        0.1759662617749231     
    4.833333333333333         2.166666666666667        0.1655193028105232     
    5.000000000000000         2.166666666666667        0.1556437631981898     
    5.166666666666666         2.166666666666667        0.1463065035422539     
    5.333333333333333         2.166666666666667        0.1374666711732381     
    5.500000000000000         2.166666666666667        0.1290900550260932     
    5.666666666666666         2.166666666666667        0.1211448654359576     
    5.833333333333333         2.166666666666667        0.1136015288115007     
    6.000000000000000         2.166666666666667        0.1064324762345850     
    6.166666666666666         2.166666666666667        9.9611947718483432E-002
    6.333333333333333         2.166666666666667        9.3115815647195163E-002
    6.500000000000000         2.166666666666667        8.6921426537883151E-002
    6.666666666666666         2.166666666666667        8.1007459276920130E-002
    6.833333333333333         2.166666666666667        7.5353797886493656E-002
    7.000000000000000         2.166666666666667        6.9941417021543217E-002
    7.166666666666666         2.166666666666667        6.4752278589582615E-002
    7.333333333333333         2.166666666666667        5.9769238075912751E-002
    7.500000000000000         2.166666666666667        5.4975959329934092E-002
    7.666666666666666         2.166666666666667        5.0356836722131433E-002
    7.833333333333333         2.166666666666667        4.5896923716474296E-002
    8.000000000000000         2.166666666666667        4.1581867020971788E-002
    8.166666666666666         2.166666666666667        3.7397845581635183E-002
    8.333333333333332         2.166666666666667        3.3331513773803390E-002
    8.500000000000000         2.166666666666667        2.9369948221281299E-002
    8.666666666666666         2.166666666666667        2.5500597739630888E-002
    8.833333333333332         2.166666666666667        2.1711235957029697E-002
    9.000000000000000         2.166666666666667        1.7989916216789543E-002
    9.166666666666666         2.166666666666667        1.4324928413729111E-002
    9.333333333333332         2.166666666666667        1.0704757467060368E-002
    9.500000000000000         2.166666666666667        7.1180431758459525E-003
    9.666666666666666         2.166666666666667        3.5535410842031157E-003
    9.833333333333332         2.166666666666667         0.000000000000000     
  
    0.000000000000000         2.333333333333333         1.000000000000000     
   0.1666666666666667         2.333333333333333        0.9495004205196724     
   0.3333333333333333         2.333333333333333        0.8994787288728541     
   0.5000000000000000         2.333333333333333        0.8503835127469158     
   0.6666666666666666         2.333333333333333        0.8026096110342597     
   0.8333333333333333         2.333333333333333        0.7564814426529719     
    1.000000000000000         2.333333333333333        0.7122452962469494     
    1.166666666666667         2.333333333333333        0.6700697445230699     
    1.333333333333333         2.333333333333333        0.6300521609446353     
    1.500000000000000         2.333333333333333        0.5922289508803753     
    1.666666666666667         2.333333333333333        0.5565873430428593     
    1.833333333333333         2.333333333333333        0.5230771207577812     
    2.000000000000000         2.333333333333333        0.4916212641971434     
    2.166666666666667         2.333333333333333        0.4621249826323920     
    2.333333333333333         2.333333333333333        0.4344829858789816     
    2.500000000000000         2.333333333333333        0.4085850775645240     
    2.666666666666667         2.333333333333333        0.3843202765847250     
    2.833333333333333         2.333333333333333        0.3615797202564544     
    3.000000000000000         2.333333333333333        0.3402586025760234     
    3.166666666666667         2.333333333333333        0.3202573756695242     
    3.333333333333333         2.333333333333333        0.3014824066936460     
    3.500000000000000         2.333333333333333        0.2838462449476266     
    3.666666666666667         2.333333333333333        0.2672676194743942     
    3.833333333333333         2.333333333333333        0.2516712579805581     
    4.000000000000000         2.333333333333333        0.2369875939472967     
    4.166666666666666         2.333333333333333        0.2231524099621560     
    4.333333333333333         2.333333333333333        0.2101064507703170     
    4.500000000000000         2.333333333333333        0.1977950280663548     
    4.666666666666666         2.333333333333333        0.1861676276102929     
    4.833333333333333         2.333333333333333        0.1751782936153077     
    5.000000000000000         2.333333333333333        0.1647798986954492     
    5.166666666666666         2.333333333333333        0.1549391918810248     
    5.333333333333333         2.333333333333333        0.1456153306842251     
    5.500000000000000         2.333333333333333        0.1367737073992548     
    5.666666666666666         2.333333333333333        0.1283820623979677     
    5.833333333333333         2.333333333333333        0.1204102607281747     
    6.000000000000000         2.333333333333333        0.1128300970037710     
    6.166666666666666         2.333333333333333        0.1056151182231645     
    6.333333333333333         2.333333333333333        9.8740463117454880E-002
    6.500000000000000         2.333333333333333        9.2182716803236073E-002
    6.666666666666666         2.333333333333333        8.5919779268356630E-002
    6.833333333333333         2.333333333333333        7.9930746196539240E-002
    7.000000000000000         2.333333333333333        7.4195800728292322E-002
    7.166666666666666         2.333333333333333        6.8696114881466361E-002
    7.333333333333333         2.333333333333333        6.3413759484425541E-002
    7.500000000000000         2.333333333333333        5.8331621597772727E-002
    7.666666666666666         2.333333333333333        5.3433328513539505E-002
    7.833333333333333         2.333333333333333        4.8703177522807624E-002
    8.000000000000000         2.333333333333333        4.4126070733877996E-002
    8.166666666666666         2.333333333333333        3.9687454303792155E-002
    8.333333333333332         2.333333333333333        3.5373261516894794E-002
    8.500000000000000         2.333333333333333        3.1169859205978149E-002
    8.666666666666666         2.333333333333333        2.7063997065258374E-002
    8.833333333333332         2.333333333333333        2.3042759451180773E-002
    9.000000000000000         2.333333333333333        1.9093519309114008E-002
    9.166666666666666         2.333333333333333        1.5203893908271633E-002
    9.333333333333332         2.333333333333333        1.1361702141406357E-002
    9.500000000000000         2.333333333333333        7.5549233762381221E-003
    9.666666666666666         2.333333333333333        3.7716588435950534E-003
    9.833333333333332         2.333333333333333         0.000000000000000     
  
    0.000000000000000         2.500000000000000         1.000000000000000     
   0.1666666666666667         2.500000000000000        0.9521183343306737     
   0.3333333333333333         2.500000000000000        0.9046284537467749     
   0.5000000000000000         2.500000000000000        0.8579013267517323     
   0.6666666666666666         2.500000000000000        0.8122694586989170     
   0.8333333333333333         2.500000000000000        0.7680140096391828     
    1.000000000000000         2.500000000000000        0.7253577691192643     
    1.166666666666667         2.500000000000000        0.6844637376120696     
    1.333333333333333         2.500000000000000        0.6454382527176827     
    1.500000000000000         2.500000000000000        0.6083372286296178     
    1.666666666666667         2.500000000000000        0.5731740844697283     
    1.833333333333333         2.500000000000000        0.5399281786870802     
    2.000000000000000         2.500000000000000        0.5085529022522250     
    2.166666666666667         2.500000000000000        0.4789829127355098     
    2.333333333333333         2.500000000000000        0.4511402611581136     
    2.500000000000000         2.500000000000000        0.4249393567945124     
    2.666666666666667         2.500000000000000        0.4002908368776543     
    2.833333333333333         2.500000000000000        0.3771044732247700     
    3.000000000000000         2.500000000000000        0.3552912729418874     
    3.166666666666667         2.500000000000000        0.3347649302922172     
    3.333333333333333         2.500000000000000        0.3154427727365046     
    3.500000000000000         2.500000000000000        0.2972463237769099     
    3.666666666666667         2.500000000000000        0.2801015833843604     
    3.833333333333333         2.500000000000000        0.2639391061804133     
    4.000000000000000         2.500000000000000        0.2486939394878076     
    4.166666666666666         2.500000000000000        0.2343054683114294     
    4.333333333333333         2.500000000000000        0.2207172022972387     
    4.500000000000000         2.500000000000000        0.2078765308926596     
    4.666666666666666         2.500000000000000        0.1957344691830313     
    4.833333333333333         2.500000000000000        0.1842463453449656     
    5.000000000000000         2.500000000000000        0.1733641624383460     
    5.166666666666666         2.500000000000000        0.1630576085999234     
    5.333333333333333         2.500000000000000        0.1532844156846107     
    5.500000000000000         2.500000000000000        0.1440100519277790     
    5.666666666666666         2.500000000000000        0.1352020603663795     
    5.833333333333333         2.500000000000000        0.1268299571672901     
    6.000000000000000         2.500000000000000        0.1188650835784714     
    6.166666666666666         2.500000000000000        0.1112804562832743     
    6.333333333333333         2.500000000000000        0.1040506264963860     
    6.500000000000000         2.500000000000000        9.7151549844383414E-002
    6.666666666666666         2.500000000000000        9.0560466875016954E-002
    6.833333333333333         2.500000000000000        8.4255793431178158E-002
    7.000000000000000         2.500000000000000        7.8217019980008726E-002
    7.166666666666666         2.500000000000000        7.2424618989369610E-002
    7.333333333333333         2.500000000000000        6.6859959495038646E-002
    7.500000000000000         2.500000000000000        6.1505228068995478E-002
    7.666666666666666         2.500000000000000        5.6343355469290674E-002
    7.833333333333333         2.500000000000000        5.1357948320012871E-002
    8.000000000000000         2.500000000000000        4.6533225233440119E-002
    8.166666666666666         2.500000000000000        4.1853956844566893E-002
    8.333333333333332         2.500000000000000        3.7305409280445345E-002
    8.500000000000000         2.500000000000000        3.2873290633081406E-002
    8.666666666666666         2.500000000000000        2.8543700044980198E-002
    8.833333333333332         2.500000000000000        2.4303079050608752E-002
    9.000000000000000         2.500000000000000        2.0138164843634163E-002
    9.166666666666666         2.500000000000000        1.6035945152517252E-002
    9.333333333333332         2.500000000000000        1.1983614378406409E-002
    9.500000000000000         2.500000000000000        7.9685304537324940E-003
    9.666666666666666         2.500000000000000        3.9781709139389779E-003
    9.833333333333332         2.500000000000000         0.000000000000000     
  
    0.000000000000000         2.666666666666667         1.000000000000000     
   0.1666666666666667         2.666666666666667        0.9543449170294398     
   0.3333333333333333         2.666666666666667        0.9090161412429234     
   0.5000000000000000         2.666666666666667        0.8643248606113109     
   0.6666666666666666         2.666666666666667        0.8205541260100078     
   0.8333333333333333         2.666666666666667        0.7779488625241489     
    1.000000000000000         2.666666666666667        0.7367097783305833     
    1.166666666666667         2.666666666666667        0.6969911747509602     
    1.333333333333333         2.666666666666667        0.6589021133844228     
    1.500000000000000         2.666666666666667        0.6225100882687803     
    1.666666666666667         2.666666666666667        0.5878462739132482     
    1.833333333333333         2.666666666666667        0.5549115100959350     
    2.000000000000000         2.666666666666667        0.5236823639319386     
    2.166666666666667         2.666666666666667        0.4941168138896228     
    2.333333333333333         2.666666666666667        0.4661592868708206     
    2.500000000000000         2.666666666666667        0.4397449275975506     
    2.666666666666667         2.666666666666667        0.4148030845495455     
    2.833333333333333         2.666666666666667        0.3912600629056642     
    3.000000000000000         2.666666666666667        0.3690412306104821     
    3.166666666666667         2.666666666666667        0.3480725776539237     
    3.333333333333333         2.666666666666667        0.3282818286213847     
    3.500000000000000         2.666666666666667        0.3095992004917933     
    3.666666666666667         2.666666666666667        0.2919578857222252     
    3.833333333333333         2.666666666666667        0.2752943275787199     
    4.000000000000000         2.666666666666667        0.2595483420647625     
    4.166666666666666         2.666666666666667        0.2446631295033059     
    4.333333333333333         2.666666666666667        0.2305852091824037     
    4.500000000000000         2.666666666666667        0.2172643024321726     
    4.666666666666666         2.666666666666667        0.2046531822091767     
    4.833333333333333         2.666666666666667        0.1927084561431773     
    5.000000000000000         2.666666666666667        0.1813831903723148     
    5.166666666666666         2.666666666666667        0.1706474441585704     
    5.333333333333333         2.666666666666667        0.1604594610736380     
    5.500000000000000         2.666666666666667        0.1507847673118222     
    5.666666666666666         2.666666666666667        0.1415908428011132     
    5.833333333333333         2.666666666666667        0.1328470111861427     
    6.000000000000000         2.666666666666667        0.1245243122811533     
    6.166666666666666         2.666666666666667        0.1165953741691152     
    6.333333333333333         2.666666666666667        0.1090342911358144     
    6.500000000000000         2.666666666666667        0.1018165092154092     
    6.666666666666666         2.666666666666667        9.4918719556230421E-002
    6.833333333333333         2.666666666666667        8.8318759269689795E-002
    7.000000000000000         2.666666666666667        8.1995519238262954E-002
    7.166666666666666         2.666666666666667        7.5928858304122576E-002
    7.333333333333333         2.666666666666667        7.0099523258795288E-002
    7.500000000000000         2.666666666666667        6.4489074076081343E-002
    7.666666666666666         2.666666666666667        5.9079813862594810E-002
    7.833333333333333         2.666666666666667        5.3854723036474622E-002
    8.000000000000000         2.666666666666667        4.8797397281795087E-002
    8.166666666666666         2.666666666666667        4.3891988862088310E-002
    8.333333333333332         2.666666666666667        3.9123150910059502E-002
    8.500000000000000         2.666666666666667        3.4475984341317788E-002
    8.666666666666666         2.666666666666667        2.9935987067205599E-002
    8.833333333333332         2.666666666666667        2.5489005204895807E-002
    9.000000000000000         2.666666666666667        2.1121186000425736E-002
    9.166666666666666         2.666666666666667        1.6818932188977141E-002
    9.333333333333332         2.666666666666667        1.2568857510252222E-002
    9.500000000000000         2.666666666666667        8.3577430756423196E-003
    9.666666666666666         2.666666666666667        4.1724943584283639E-003
    9.833333333333332         2.666666666666667         0.000000000000000     
  
    0.000000000000000         2.833333333333333         1.000000000000000     
   0.1666666666666667         2.833333333333333        0.9562455671607071     
   0.3333333333333333         2.833333333333333        0.9127669361800106     
   0.5000000000000000         2.833333333333333        0.8698286815181242     
   0.6666666666666666         2.833333333333333        0.8276743841583900     
   0.8333333333333333         2.833333333333333        0.7865188236972388     
    1.000000000000000         2.833333333333333        0.7465428159841531     
    1.166666666666667         2.833333333333333        0.7078907953744817     
    1.333333333333333         2.833333333333333        0.6706708746968890     
    1.500000000000000         2.833333333333333        0.6349568792254121     
    1.666666666666667         2.833333333333333        0.6007917535065306     
    1.833333333333333         2.833333333333333        0.5681917560476574     
    2.000000000000000         2.833333333333333        0.5371509455820671     
    2.166666666666667         2.833333333333333        0.5076455839085363     
    2.333333333333333         2.833333333333333        0.4796382039593207     
    2.500000000000000         2.833333333333333        0.4530811995279220     
    2.666666666666667         2.833333333333333        0.4279198769868595     
    2.833333333333333         2.833333333333333        0.4040949684242605     
    3.000000000000000         2.833333333333333        0.3815446429855475     
    3.166666666666667         2.833333333333333        0.3602060735079431     
    3.333333333333333         2.833333333333333        0.3400166236042902     
    3.500000000000000         2.833333333333333        0.3209147203783376     
    3.666666666666667         2.833333333333333        0.3028404732085799     
    3.833333333333333         2.833333333333333        0.2857360918776531     
    4.000000000000000         2.833333333333333        0.2695461493230811     
    4.166666666666666         2.833333333333333        0.2542177264099200     
    4.333333333333333         2.833333333333333        0.2397004688961794     
    4.500000000000000         2.833333333333333        0.2259465803587158     
    4.666666666666666         2.833333333333333        0.2129107691716802     
    4.833333333333333         2.833333333333333        0.2005511066462519     
    5.000000000000000         2.833333333333333        0.1888218523214973     
    5.166666666666666         2.833333333333333        0.1776936720602774     
    5.333333333333333         2.833333333333333        0.1671254211269124     
    5.500000000000000         2.833333333333333        0.1570828911633469     
    5.666666666666666         2.833333333333333        0.1475336538768822     
    5.833333333333333         2.833333333333333        0.1384469813249680     
    6.000000000000000         2.833333333333333        0.1297937438215611     
    6.166666666666666         2.833333333333333        0.1215463042564700     
    6.333333333333333         2.833333333333333        0.1136784150384876     
    6.500000000000000         2.833333333333333        0.1061651196532493     
    6.666666666666666         2.833333333333333        9.8982659378134358E-002
    6.833333333333333         2.833333333333333        9.2108385172351967E-002
    7.000000000000000         2.833333333333333        8.5520674552862941E-002
    7.166666666666666         2.833333333333333        7.9198853176753223E-002
    7.333333333333333         2.833333333333333        7.3123120810675513E-002
    7.500000000000000         2.833333333333333        6.7274481352954038E-002
    7.666666666666666         2.833333333333333        6.1634676572963218E-002
    7.833333333333333         2.833333333333333        5.6186123239712206E-002
    8.000000000000000         2.833333333333333        5.0911853323733484E-002
    8.166666666666666         2.833333333333333        4.5795456971119856E-002
    8.333333333333332         2.833333333333333        4.0821027964332193E-002
    8.500000000000000         2.833333333333333        3.5973111400122937E-002
    8.666666666666666         2.833333333333333        3.1236653329798546E-002
    8.833333333333332         2.833333333333333        2.6596952120503396E-002
    9.000000000000000         2.833333333333333        2.2039611307962816E-002
    9.166666666666666         2.833333333333333        1.7550493721932601E-002
    9.333333333333332         2.833333333333333        1.3115676680684340E-002
    9.500000000000000         2.833333333333333        8.7214080924387424E-003
    9.666666666666666         2.833333333333333        4.3540634441321582E-003
    9.833333333333332         2.833333333333333         0.000000000000000     
  
    0.000000000000000         3.000000000000000         1.000000000000000     
   0.1666666666666667         3.000000000000000        0.9578707768966885     
   0.3333333333333333         3.000000000000000        0.9159779379937866     
   0.5000000000000000         3.000000000000000        0.8745493532431012     
   0.6666666666666666         3.000000000000000        0.8337969372492297     
   0.8333333333333333         3.000000000000000        0.7939104846700032     
    1.000000000000000         3.000000000000000        0.7550533358013665     
    1.166666666666667         3.000000000000000        0.7173599973630020     
    1.333333333333333         3.000000000000000        0.6809355988331242     
    1.500000000000000         3.000000000000000        0.6458568893272192     
    1.666666666666667         3.000000000000000        0.6121743881977620     
    1.833333333333333         3.000000000000000        0.5799152858951692     
    2.000000000000000         3.000000000000000        0.5490867294312386     
    2.166666666666667         3.000000000000000        0.5196791953894467     
    2.333333333333333         3.000000000000000        0.4916697325503602     
    2.500000000000000         3.000000000000000        0.4650249316313118     
    2.666666666666667         3.000000000000000        0.4397035433565742     
    2.833333333333333         3.000000000000000        0.4156587150037415     
    3.000000000000000         3.000000000000000        0.3928398499336805     
    3.166666666666667         3.000000000000000        0.3711941164244125     
    3.333333333333333         3.000000000000000        0.3506676441076859     
    3.500000000000000         3.000000000000000        0.3312064511657861     
    3.666666666666667         3.000000000000000        0.3127571455389695     
    3.833333333333333         3.000000000000000        0.2952674405786440     
    4.000000000000000         3.000000000000000        0.2786865212202287     
    4.166666666666666         3.000000000000000        0.2629652917754683     
    4.333333333333333         3.000000000000000        0.2480565314501960     
    4.500000000000000         3.000000000000000        0.2339149790297865     
    4.666666666666666         3.000000000000000        0.2204973640775168     
    4.833333333333333         3.000000000000000        0.2077633489486530     
    5.000000000000000         3.000000000000000        0.1956683549004376     
    5.166666666666666         3.000000000000000        0.1841840126636319     
    5.333333333333333         3.000000000000000        0.1732697631673815     
    5.500000000000000         3.000000000000000        0.1628918062133788     
    5.666666666666666         3.000000000000000        0.1530179320395412     
    5.833333333333333         3.000000000000000        0.1436174784156396     
    6.000000000000000         3.000000000000000        0.1346612567658254     
    6.166666666666666         3.000000000000000        0.1261214695478803     
    6.333333333333333         3.000000000000000        0.1179716264622902     
    6.500000000000000         3.000000000000000        0.1101864621801501     
    6.666666666666666         3.000000000000000        0.1027418566022184     
    6.833333333333333         3.000000000000000        9.5614758042743053E-002
    7.000000000000000         3.000000000000000        8.8783109470550195E-002
    7.166666666666666         3.000000000000000        8.2225777808863837E-002
    7.333333333333333         3.000000000000000        7.5922486219272264E-002
    7.500000000000000         3.000000000000000        6.9853749247566141E-002
    7.666666666666666         3.000000000000000        6.4000810678829373E-002
    7.833333333333333         3.000000000000000        5.8345583930490483E-002
    8.000000000000000         3.000000000000000        5.2870594801490207E-002
    8.166666666666666         3.000000000000000        4.7558926390821710E-002
    8.333333333333332         3.000000000000000        4.2394165997649259E-002
    8.500000000000000         3.000000000000000        3.7360353816689916E-002
    8.666666666666666         3.000000000000000        3.2441933245619219E-002
    8.833333333333332         3.000000000000000        2.7623702625405765E-002
    9.000000000000000         3.000000000000000        2.2890768239769307E-002
    9.166666666666666         3.000000000000000        1.8228498407713945E-002
    9.333333333333332         3.000000000000000        1.3622478517350413E-002
    9.500000000000000         3.000000000000000        9.0584668786412720E-003
    9.666666666666666         3.000000000000000        4.5223513256615272E-003
    9.833333333333332         3.000000000000000         0.000000000000000     
  
    0.000000000000000         3.166666666666667         1.000000000000000     
   0.1666666666666667         3.166666666666667        0.9592599687224890     
   0.3333333333333333         3.166666666666667        0.9187252764976546     
   0.5000000000000000         3.166666666666667        0.8785946749930658     
   0.6666666666666666         3.166666666666667        0.8390545725419437     
   0.8333333333333333         3.166666666666667        0.8002741113920210     
    1.000000000000000         3.166666666666667        0.7624015344800389     
    1.166666666666667         3.166666666666667        0.7255619638268055     
    1.333333333333333         3.166666666666667        0.6898565480573214     
    1.500000000000000         3.166666666666667        0.6553628089497163     
    1.666666666666667         3.166666666666667        0.6221359392494324     
    1.833333333333333         3.166666666666667        0.5902107753567729     
    2.000000000000000         3.166666666666667        0.5596041790440183     
    2.166666666666667         3.166666666666667        0.5303175985688968     
    2.333333333333333         3.166666666666667        0.5023396283593629     
    2.500000000000000         3.166666666666667        0.4756484375500295     
    2.666666666666667         3.166666666666667        0.4502139842600503     
    2.833333333333333         3.166666666666667        0.4259999710428610     
    3.000000000000000         3.166666666666667        0.4029655262849555     
    3.166666666666667         3.166666666666667        0.3810666169413623     
    3.333333333333333         3.166666666666667        0.3602572111685353     
    3.500000000000000         3.166666666666667        0.3404902167535306     
    3.666666666666667         3.166666666666667        0.3217182243111127     
    3.833333333333333         3.166666666666667        0.3038940843877213     
    4.000000000000000         3.166666666666667        0.2869713459571401     
    4.166666666666666         3.166666666666667        0.2709045811265067     
    4.333333333333333         3.166666666666667        0.2556496177640404     
    4.500000000000000         3.166666666666667        0.2411636985990720     
    4.666666666666666         3.166666666666667        0.2274055824009193     
    4.833333333333333         3.166666666666667        0.2143365701704057     
    5.000000000000000         3.166666666666667        0.2019132344053079     
    5.166666666666666         3.166666666666667        0.1901083544193848     
    5.333333333333333         3.166666666666667        0.1788819709963325     
    5.500000000000000         3.166666666666667        0.1682007795109659     
    5.666666666666666         3.166666666666667        0.1580328790193924     
    5.833333333333333         3.166666666666667        0.1483477626327452     
    6.000000000000000         3.166666666666667        0.1391162708017066     
    6.166666666666666         3.166666666666667        0.1303105312346365     
    6.333333333333333         3.166666666666667        0.1219038940069113     
    6.500000000000000         3.166666666666667        0.1138708652015607     
    6.666666666666666         3.166666666666667        0.1061870405602653     
    6.833333333333333         3.166666666666667        9.8829039903983354E-002
    7.000000000000000         3.166666666666667        9.1774442760473737E-002
    7.166666666666666         3.166666666666667        8.5001725462278133E-002
    7.333333333333333         3.166666666666667        7.8490199868451196E-002
    7.500000000000000         3.166666666666667        7.2219953786109209E-002
    7.666666666666666         3.166666666666667        6.6171793111377677E-002
    7.833333333333333         3.166666666666667        6.0327185667435231E-002
    8.000000000000000         3.166666666666667        5.4668206686318756E-002
    8.166666666666666         3.166666666666667        4.9177485858334709E-002
    8.333333333333332         3.166666666666667        4.3838155856333744E-002
    8.500000000000000         3.166666666666667        3.8633802230256843E-002
    8.666666666666666         3.166666666666667        3.3548414559162985E-002
    8.833333333333332         3.166666666666667        2.8566338742712048E-002
    9.000000000000000         3.166666666666667        2.3672230311594624E-002
    9.166666666666666         3.166666666666667        1.8851008637067596E-002
    9.333333333333332         3.166666666666667        1.4087811924482174E-002
    9.500000000000000         3.166666666666667        9.3679528843994605E-003
    9.666666666666666         3.166666666666667        4.6768749798726779E-003
    9.833333333333332         3.166666666666667         0.000000000000000     
  
    0.000000000000000         3.333333333333333         1.000000000000000     
   0.1666666666666667         3.333333333333333        0.9604441968592368     
   0.3333333333333333         3.333333333333333        0.9210691295649358     
   0.5000000000000000         3.333333333333333        0.8820503363681323     
   0.6666666666666666         3.333333333333333        0.8435536375032020     
   0.8333333333333333         3.333333333333333        0.8057311540964646     
    1.000000000000000         3.333333333333333        0.7687182522768989     
    1.166666666666667         3.333333333333333        0.7326315210939146     
    1.333333333333333         3.333333333333333        0.6975677811276020     
    1.500000000000000         3.333333333333333        0.6636040284095104     
    1.666666666666667         3.333333333333333        0.6307981558240153     
    1.833333333333333         3.333333333333333        0.5991902634610526     
    2.000000000000000         3.333333333333333        0.5688043662194373     
    2.166666666666667         3.333333333333333        0.5396503238492469     
    2.333333333333333         3.333333333333333        0.5117258474166883     
    2.500000000000000         3.333333333333333        0.4850184697486080     
    2.666666666666667         3.333333333333333        0.4595074004887214     
    2.833333333333333         3.333333333333333        0.4351652156745232     
    3.000000000000000         3.333333333333333        0.4119593556181754     
    3.166666666666667         3.333333333333333        0.3898534229838375     
    3.333333333333333         3.333333333333333        0.3688082857190569     
    3.500000000000000         3.333333333333333        0.3487829977457811     
    3.666666666666667         3.333333333333333        0.3297355550092796     
    3.833333333333333         3.333333333333333        0.3116235065489198     
    4.000000000000000         3.333333333333333        0.2944044404984945     
    4.166666666666666         3.333333333333333        0.2780363639946042     
    4.333333333333333         3.333333333333333        0.2624779943634777     
    4.500000000000000         3.333333333333333        0.2476889770284958     
    4.666666666666666         3.333333333333333        0.2336300435805611     
    4.833333333333333         3.333333333333333        0.2202641149267427     
    5.000000000000000         3.333333333333333        0.2075489032379401     
    5.166666666666666         3.333333333333333        0.1954583917882242     
    5.333333333333333         3.333333333333333        0.1839532451027800     
    5.500000000000000         3.333333333333333        0.1730007027538758     
    5.666666666666666         3.333333333333333        0.1625692302926626     
    5.833333333333333         3.333333333333333        0.1526285389447643     
    6.000000000000000         3.333333333333333        0.1431495637366719     
    6.166666666666666         3.333333333333333        0.1341044245038800     
    6.333333333333333         3.333333333333333        0.1254663789166014     
    6.500000000000000         3.333333333333333        0.1172097713309878     
    6.666666666666666         3.333333333333333        0.1093099793267424     
    6.833333333333333         3.333333333333333        0.1017433590090486     
    7.000000000000000         3.333333333333333        9.4487189784477468E-002
    7.166666666666666         3.333333333333333        8.7519619111109878E-002
    7.333333333333333         3.333333333333333        8.0819607583350342E-002
    7.500000000000000         3.333333333333333        7.4366874609100853E-002
    7.666666666666666         3.333333333333333        6.8141844857742967E-002
    7.833333333333333         3.333333333333333        6.2125595595167477E-002
    8.000000000000000         3.333333333333333        5.6299804972945358E-002
    8.166666666666666         3.333333333333333        5.0646701299877986E-002
    8.333333333333332         3.333333333333333        4.5149013293500601E-002
    8.500000000000000         3.333333333333333        3.9789921285009661E-002
    8.666666666666666         3.333333333333333        3.4553009332291634E-002
    8.833333333333332         3.333333333333333        2.9422218181327613E-002
    9.000000000000000         3.333333333333333        2.4381799005609186E-002
    9.166666666666666         3.333333333333333        1.9416267845870340E-002
    9.333333333333332         3.333333333333333        1.4510360667702430E-002
    9.500000000000000         3.333333333333333        9.6489889502855801E-003
    9.666666666666666         3.333333333333333        4.8171957094297257E-003
    9.833333333333332         3.333333333333333         0.000000000000000     
  
    0.000000000000000         3.500000000000000         1.000000000000000     
   0.1666666666666667         3.500000000000000        0.9614480739579396     
   0.3333333333333333         3.500000000000000        0.9230573289881027     
   0.5000000000000000         3.500000000000000        0.8849847630655014     
   0.6666666666666666         3.500000000000000        0.8473795847368966     
   0.8333333333333333         3.500000000000000        0.8103799479134056     
    1.000000000000000         3.500000000000000        0.7741103629168292     
    1.166666666666667         3.500000000000000        0.7386798764414716     
    1.333333333333333         3.500000000000000        0.7041810364412265     
    1.500000000000000         3.500000000000000        0.6706895911886906     
    1.666666666666667         3.500000000000000        0.6382648227730878     
    1.833333333333333         3.500000000000000        0.6069503868134712     
    2.000000000000000         3.500000000000000        0.5767755207589591     
    2.166666666666667         3.500000000000000        0.5477564888772665     
    2.333333333333333         3.500000000000000        0.5198981479435837     
    2.500000000000000         3.500000000000000        0.4931955389622272     
    2.666666666666667         3.500000000000000        0.4676354330933480     
    2.833333333333333         3.500000000000000        0.4431977815747439     
    3.000000000000000         3.500000000000000        0.4198570381933749     
    3.166666666666667         3.500000000000000        0.3975833380479068     
    3.333333333333333         3.500000000000000        0.3763435278740487     
    3.500000000000000         3.500000000000000        0.3561020514001358     
    3.666666666666667         3.500000000000000        0.3368216985849055     
    3.833333333333333         3.500000000000000        0.3184642307481832     
    4.000000000000000         3.500000000000000        0.3009908950978558     
    4.166666666666666         3.500000000000000        0.2843628424703580     
    4.333333333333333         3.500000000000000        0.2685414616340613     
    4.500000000000000         3.500000000000000        0.2534886425615810     
    4.666666666666666         3.500000000000000        0.2391669798794646     
    4.833333333333333         3.500000000000000        0.2255409427180638     
    5.000000000000000         3.500000000000000        0.2125693480322628     
    5.166666666666666         3.500000000000000        0.2002273613182582     
    5.333333333333333         3.500000000000000        0.1884762793372587     
    5.500000000000000         3.500000000000000        0.1772839029437709     
    5.666666666666666         3.500000000000000        0.1666190935538660     
    5.833333333333333         3.500000000000000        0.1564518187711860     
    6.000000000000000         3.500000000000000        0.1467531527864005     
    6.166666666666666         3.500000000000000        0.1374952565818609     
    6.333333333333333         3.500000000000000        0.1286513474633920     
    6.500000000000000         3.500000000000000        0.1201956620538814     
    6.666666666666666         3.500000000000000        0.1121034149005590     
    6.833333333333333         3.500000000000000        0.1043507540336369     
    7.000000000000000         3.500000000000000        9.6914714417376049E-002
    7.166666666666666         3.500000000000000        8.9773169999791722E-002
    7.333333333333333         3.500000000000000        8.2904784904521675E-002
    7.500000000000000         3.500000000000000        7.6288964184752867E-002
    7.666666666666666         3.500000000000000        6.9905804460877158E-002
    7.833333333333333         3.500000000000000        6.3736044684044729E-002
    8.000000000000000         3.500000000000000        5.7761017202992780E-002
    8.166666666666666         3.500000000000000        5.1962599258637131E-002
    8.333333333333332         3.500000000000000        4.6323164987766501E-002
    8.500000000000000         3.500000000000000        4.0825537982056910E-002
    8.666666666666666         3.500000000000000        3.5452944420147001E-002
    8.833333333333332         3.500000000000000        3.0188966767570859E-002
    9.000000000000000         3.500000000000000        2.5017498021012080E-002
    9.166666666666666         3.500000000000000        1.9922696458738270E-002
    9.333333333333332         3.500000000000000        1.4888940847070330E-002
    9.500000000000000         3.500000000000000        9.9007860414832508E-003
    9.666666666666666         3.500000000000000        4.9429189075606457E-003
    9.833333333333332         3.500000000000000         0.000000000000000     
  
    0.000000000000000         3.666666666666667         1.000000000000000     
   0.1666666666666667         3.666666666666667        0.9622911635110666     
   0.3333333333333333         3.666666666666667        0.9247279838925073     
   0.5000000000000000         3.666666666666667        0.8874526813410173     
   0.6666666666666666         3.666666666666667        0.8506011131370282     
   0.8333333333333333         3.666666666666667        0.8143000529017167     
    1.000000000000000         3.666666666666667        0.7786649740806737     
    1.166666666666667         3.666666666666667        0.7437984153338452     
    1.333333333333333         3.666666666666667        0.7097889522533302     
    1.500000000000000         3.666666666666667        0.6767107512292154     
    1.666666666666667         3.666666666666667        0.6446236432472388     
    1.833333333333333         3.666666666666667        0.6135736305850299     
    2.000000000000000         3.666666666666667        0.5835937277071221     
    2.166666666666667         3.666666666666667        0.5547050371882354     
    2.333333333333333         3.666666666666667        0.5269179692948366     
    2.500000000000000         3.666666666666667        0.5002335268128115     
    2.666666666666667         3.666666666666667        0.4746445920557426     
    2.833333333333333         3.666666666666667        0.4501371685780843     
    3.000000000000000         3.666666666666667        0.4266915444969940     
    3.166666666666667         3.666666666666667        0.4042833566693025     
    3.333333333333333         3.666666666666667        0.3828845449443258     
    3.500000000000000         3.666666666666667        0.3624641933330334     
    3.666666666666667         3.666666666666667        0.3429892604248673     
    3.833333333333333         3.666666666666667        0.3244252050757183     
    4.000000000000000         3.666666666666667        0.3067365156448146     
    4.166666666666666         3.666666666666667        0.2898871522181136     
    4.333333333333333         3.666666666666667        0.2738409116221132     
    4.500000000000000         3.666666666666667        0.2585617248520917     
    4.666666666666666         3.666666666666667        0.2440138960041726     
    4.833333333333333         3.666666666666667        0.2301633280337851     
    5.000000000000000         3.666666666666667        0.2169698775298072     
    5.166666666666666         3.666666666666667        0.2044098210393935     
    5.333333333333333         3.666666666666667        0.1924450720438647     
    5.500000000000000         3.666666666666667        0.1810439822217498     
    5.666666666666666         3.666666666666667        0.1701758134041676     
    5.833333333333333         3.666666666666667        0.1598108059256979     
    6.000000000000000         3.666666666666667        0.1499201986585084     
    6.166666666666666         3.666666666666667        0.1404762262948604     
    6.333333333333333         3.666666666666667        0.1314521036983899     
    6.500000000000000         3.666666666666667        0.1228220016973167     
    6.666666666666666         3.666666666666667        0.1145610166905365     
    6.833333333333333         3.666666666666667        0.1066451356092323     
    7.000000000000000         3.666666666666667        9.9051197364832616E-002
    7.166666666666666         3.666666666666667        9.1756851663066116E-002
    7.333333333333333         3.666666666666667        8.4740515884775200E-002
    7.500000000000000         3.666666666666667        7.7981330594536616E-002
    7.666666666666666         3.666666666666667        7.1459114124694273E-002
    7.833333333333333         3.666666666666667        6.5154316588660444E-002
    8.000000000000000         3.666666666666667        5.9047973599405446E-002
    8.166666666666666         3.666666666666667        5.3121659904182390E-002
    8.333333333333332         3.666666666666667        4.7357443092582642E-002
    8.500000000000000         3.666666666666667        4.1737837490240008E-002
    8.666666666666666         3.666666666666667        3.6245758313444829E-002
    8.833333333333332         3.666666666666667        3.0864476129365895E-002
    9.000000000000000         3.666666666666667        2.5577571641435735E-002
    9.166666666666666         3.666666666666667        2.0368890798718550E-002
    9.333333333333332         3.666666666666667        1.5222500210671645E-002
    9.500000000000000         3.666666666666667        1.0122642833414146E-002
    9.666666666666666         3.666666666666667        5.0536938793296071E-003
    9.833333333333332         3.666666666666667         0.000000000000000     
  
    0.000000000000000         3.833333333333333         1.000000000000000     
   0.1666666666666667         3.833333333333333        0.9629889973906028     
   0.3333333333333333         3.833333333333333        0.9261114086761356     
   0.5000000000000000         3.833333333333333        0.8894977616919310     
   0.6666666666666666         3.833333333333333        0.8532732783088105     
   0.8333333333333333         3.833333333333333        0.8175555663032809     
    1.000000000000000         3.833333333333333        0.7824526957243162     
    1.166666666666667         3.833333333333333        0.7480617246709786     
    1.333333333333333         3.833333333333333        0.7144677018172071     
    1.500000000000000         3.833333333333333        0.6817431372343882     
    1.666666666666667         3.833333333333333        0.6499479035012111     
    1.833333333333333         3.833333333333333        0.6191295080769305     
    2.000000000000000         3.833333333333333        0.5893236659607469     
    2.166666666666667         3.833333333333333        0.5605550979204799     
    2.333333333333333         3.833333333333333        0.5328384823800966     
    2.500000000000000         3.833333333333333        0.5061794964200995     
    2.666666666666667         3.833333333333333        0.4805758913442496     
    2.833333333333333         3.833333333333333        0.4560185592814445     
    3.000000000000000         3.833333333333333        0.4324925581124126     
    3.166666666666667         3.833333333333333        0.4099780718413942     
    3.333333333333333         3.833333333333333        0.3884512919368716     
    3.500000000000000         3.833333333333333        0.3678852119839496     
    3.666666666666667         3.833333333333333        0.3482503332575619     
    3.833333333333333         3.833333333333333        0.3295152826907093     
    4.000000000000000         3.833333333333333        0.3116473473841865     
    4.166666666666666         3.833333333333333        0.2946129315092281     
    4.333333333333333         3.833333333333333        0.2783779424077431     
    4.500000000000000         3.833333333333333        0.2629081130868987     
    4.666666666666666         3.833333333333333        0.2481692682945813     
    4.833333333333333         3.833333333333333        0.2341285958830969     
    5.000000000000000         3.833333333333333        0.2207468977307483     
    5.166666666666666         3.833333333333333        0.2080014550438246     
    5.333333333333333         3.833333333333333        0.1958547580714008     
    5.500000000000000         3.833333333333333        0.1842756747735056     
    5.666666666666666         3.833333333333333        0.1732338502746305     
    5.833333333333333         3.833333333333333        0.1626997947139849     
    6.000000000000000         3.833333333333333        0.1526449202071523     
    6.166666666666666         3.833333333333333        0.1430415529455249     
    6.333333333333333         3.833333333333333        0.1338629304935567     
    6.500000000000000         3.833333333333333        0.1250831888367286     
    6.666666666666666         3.833333333333333        0.1166773417162987     
    6.833333333333333         3.833333333333333        0.1086212539523416     
    7.000000000000000         3.833333333333333        0.1008916100374951     
    7.166666666666666         3.833333333333333        9.3465879023250403E-002
    7.333333333333333         3.833333333333333        8.6322276530532593E-002
    7.500000000000000         3.833333333333333        7.9439724565039546E-002
    7.666666666666666         3.833333333333333        7.2797809692652288E-002
    7.833333333333333         3.833333333333333        6.6376740025138783E-002
    8.000000000000000         3.833333333333333        6.0157301377712386E-002
    8.166666666666666         3.833333333333333        5.4120812885186560E-002
    8.333333333333332         3.833333333333333        4.8249082300422116E-002
    8.500000000000000         3.833333333333333        4.2524361145767228E-002
    8.666666666666666         3.833333333333333        3.6929299843774459E-002
    8.833333333333332         3.833333333333333        3.1446902916365732E-002
    9.000000000000000         3.833333333333333        2.6060484310681729E-002
    9.166666666666666         3.833333333333333        2.0753622884071472E-002
    9.333333333333332         3.833333333333333        1.5510118059094790E-002
    9.500000000000000         3.833333333333333        1.0313945641191301E-002
    9.666666666666666         3.833333333333333        5.1492137763436358E-003
    9.833333333333332         3.833333333333333         0.000000000000000     
  
    0.000000000000000         4.000000000000000         1.000000000000000     
   0.1666666666666667         4.000000000000000        0.9635538250910651     
   0.3333333333333333         4.000000000000000        0.9272315492496508     
   0.5000000000000000         4.000000000000000        0.8911545895722900     
   0.6666666666666666         4.000000000000000        0.8554398356746784     
   0.8333333333333333         4.000000000000000        0.8201976510126129     
    1.000000000000000         4.000000000000000        0.7855301753098101     
    1.166666666666667         4.000000000000000        0.7515299827565672     
    1.333333333333333         4.000000000000000        0.7182791235835124     
    1.500000000000000         4.000000000000000        0.6858485497839218     
    1.666666666666667         4.000000000000000        0.6542979025384217     
    1.833333333333333         4.000000000000000        0.6236756212366140     
    2.000000000000000         4.000000000000000        0.5940193226167101     
    2.166666666666667         4.000000000000000        0.5653563932106803     
    2.333333333333333         4.000000000000000        0.5377047380848837     
    2.500000000000000         4.000000000000000        0.5110736325609092     
    2.666666666666667         4.000000000000000        0.4854646298731188     
    2.833333333333333         4.000000000000000        0.4608724853706890     
    3.000000000000000         4.000000000000000        0.4372860659300501     
    3.166666666666667         4.000000000000000        0.4146892209982097     
    3.333333333333333         4.000000000000000        0.3930615986797417     
    3.500000000000000         4.000000000000000        0.3723793962640979     
    3.666666666666667         4.000000000000000        0.3526160394818161     
    3.833333333333333         4.000000000000000        0.3337427886072613     
    4.000000000000000         4.000000000000000        0.3157292723903007     
    4.166666666666666         4.000000000000000        0.2985439528338609     
    4.333333333333333         4.000000000000000        0.2821545251839522     
    4.500000000000000         4.000000000000000        0.2665282583040239     
    4.666666666666666         4.000000000000000        0.2516322809929961     
    4.833333333333333         4.000000000000000        0.2374348894732731     
    5.000000000000000         4.000000000000000        0.2238977113581977     
    5.166666666666666         4.000000000000000        0.2109988992954601     
    5.333333333333333         4.000000000000000        0.1987014585643224     
    5.500000000000000         4.000000000000000        0.1869747182869865     
    5.666666666666666         4.000000000000000        0.1757886711908941     
    5.833333333333333         4.000000000000000        0.1651140776889850     
    6.000000000000000         4.000000000000000        0.1549225169985023     
    6.166666666666666         4.000000000000000        0.1451864116952164     
    6.333333333333333         4.000000000000000        0.1358790359508211     
    6.500000000000000         4.000000000000000        0.1269745121417357     
    6.666666666666666         4.000000000000000        0.1184477984888887     
    6.833333333333333         4.000000000000000        0.1102746695508790     
    7.000000000000000         4.000000000000000        0.1024316909709372     
    7.166666666666666         4.000000000000000        9.4896189612458590E-002
    7.333333333333333         4.000000000000000        8.7646220020814902E-002
    7.500000000000000         4.000000000000000        8.0660527989731959E-002
    7.666666666666666         4.000000000000000        7.3918511876699289E-002
    7.833333333333333         4.000000000000000        6.7400182198063402E-002
    8.000000000000000         4.000000000000000        6.1086119937337820E-002
    8.166666666666666         4.000000000000000        5.4957433917450761E-002
    8.333333333333332         4.000000000000000        4.8995717517197536E-002
    8.500000000000000         4.000000000000000        4.3183004952409267E-002
    8.666666666666666         4.000000000000000        3.7501727291839732E-002
    8.833333333333332         4.000000000000000        3.1934668335232404E-002
    9.000000000000000         4.000000000000000        2.6464920445329596E-002
    9.166666666666666         4.000000000000000        2.1075840395719775E-002
    9.333333333333332         4.000000000000000        1.5751005271507124E-002
    9.500000000000000         4.000000000000000        1.0474168439128044E-002
    9.666666666666666         4.000000000000000        5.2292155848536357E-003
    9.833333333333332         4.000000000000000         0.000000000000000     
  
    0.000000000000000         4.166666666666666         1.000000000000000     
   0.1666666666666667         4.166666666666666        0.9639951667690574     
   0.3333333333333333         4.166666666666666        0.9281070398382956     
   0.5000000000000000         4.166666666666666        0.8924501348619543     
   0.6666666666666666         4.166666666666666        0.8571350028287422     
   0.8333333333333333         4.166666666666666        0.8222664583039715     
    1.000000000000000         4.166666666666666        0.7879420513189235     
    1.166666666666667         4.166666666666666        0.7542508297462418     
    1.333333333333333         4.166666666666666        0.7212724189383476     
    1.500000000000000         4.166666666666666        0.6890764247270437     
    1.666666666666667         4.166666666666666        0.6577221472469189     
    1.833333333333333         4.166666666666666        0.6272585780781883     
    2.000000000000000         4.166666666666666        0.5977246426780951     
    2.166666666666667         4.166666666666666        0.5691496440532310     
    2.333333333333333         4.166666666666666        0.5415538616696810     
    2.500000000000000         4.166666666666666        0.5149492609390649     
    2.666666666666667         4.166666666666666        0.4893402723603143     
    2.833333333333333         4.166666666666666        0.4647246046571243     
    3.000000000000000         4.166666666666666        0.4410940622567187     
    3.166666666666667         4.166666666666666        0.4184353435930337     
    3.333333333333333         4.166666666666666        0.3967308025442450     
    3.500000000000000         4.166666666666666        0.3759591605473122     
    3.666666666666667         4.166666666666666        0.3560961614203468     
    3.833333333333333         4.166666666666666        0.3371151646181492     
    4.000000000000000         4.166666666666666        0.3189876755694336     
    4.166666666666666         4.166666666666666        0.3016838139630927     
    4.333333333333333         4.166666666666666        0.2851727224563581     
    4.500000000000000         4.166666666666666        0.2694229193696333     
    4.666666666666666         4.166666666666666        0.2544025996093796     
    4.833333333333333         4.166666666666666        0.2400809696588017     
    5.000000000000000         4.166666666666666        0.2264203428010335     
    5.166666666666666         4.166666666666666        0.2133995891042885     
    5.333333333333333         4.166666666666666        0.2009821489570104     
    5.500000000000000         4.166666666666666        0.1891377405010115     
    5.666666666666666         4.166666666666666        0.1778366529310732     
    5.833333333333333         4.166666666666666        0.1670498635239940     
    6.000000000000000         4.166666666666666        0.1567491001015739     
    6.166666666666666         4.166666666666666        0.1469068756062757     
    6.333333333333333         4.166666666666666        0.1374965051785393     
    6.500000000000000         4.166666666666666        0.1284921105232182     
    6.666666666666666         4.166666666666666        0.1198686143147798     
    6.833333333333333         4.166666666666666        0.1116017265529373     
    7.000000000000000         4.166666666666666        0.1036679243578811     
    7.166666666666666         4.166666666666666        9.6044426426281304E-002
    7.333333333333333         4.166666666666666        8.8709163168026378E-002
    7.500000000000000         4.166666666666666        8.1640743378813746E-002
    7.666666666666666         4.166666666666666        7.4818418163735537E-002
    7.833333333333333         4.166666666666666        6.8222042706755553E-002
    8.000000000000000         4.166666666666666        6.1832036377449738E-002
    8.166666666666666         4.166666666666666        5.5629341577410354E-002
    8.333333333333332         4.166666666666666        4.9595381652478683E-002
    8.500000000000000         4.166666666666666        4.3712018131890990E-002
    8.666666666666666         4.166666666666666        3.7961507500090079E-002
    8.833333333333332         4.166666666666666        3.2326457660115313E-002
    9.000000000000000         4.166666666666666        2.6789784208022794E-002
    9.166666666666666         4.166666666666666        2.1334666604718881E-002
    9.333333333333332         4.166666666666666        1.5944504304057888E-002
    9.500000000000000         4.166666666666666        1.0602872873342679E-002
    9.666666666666666         4.166666666666666        5.2934801239428652E-003
    9.833333333333332         4.166666666666666         0.000000000000000     
  
    0.000000000000000         4.333333333333333         1.000000000000000     
   0.1666666666666667         4.333333333333333        0.9643202193136224     
   0.3333333333333333         4.333333333333333        0.9287519813642671     
   0.5000000000000000         4.333333333333333        0.8934048397597647     
   0.6666666666666666         4.333333333333333        0.8583847735075901     
   0.8333333333333333         4.333333333333333        0.8237925742245650     
    1.000000000000000         4.333333333333333        0.7897224386914286     
    1.166666666666667         4.333333333333333        0.7562608079799773     
    1.333333333333333         4.333333333333333        0.7234854788443461     
    1.500000000000000         4.333333333333333        0.6914649964656527     
    1.666666666666667         4.333333333333333        0.6602583221565347     
    1.833333333333333         4.333333333333333        0.6299147566499006     
    2.000000000000000         4.333333333333333        0.6004740898687450     
    2.166666666666667         4.333333333333333        0.5719669418293902     
    2.333333333333333         4.333333333333333        0.5444152563842276     
    2.500000000000000         4.333333333333333        0.5178329093943740     
    2.666666666666667         4.333333333333333        0.4922263950169702     
    2.833333333333333         4.333333333333333        0.4675955574335641     
    3.000000000000000         4.333333333333333        0.4439343399131753     
    3.166666666666667         4.333333333333333        0.4212315280664223     
    3.333333333333333         4.333333333333333        0.3994714690918424     
    3.500000000000000         4.333333333333333        0.3786347534477305     
    3.666666666666667         4.333333333333333        0.3586988495161016     
    3.833333333333333         4.333333333333333        0.3396386853631915     
    4.000000000000000         4.333333333333333        0.3214271746154437     
    4.166666666666666         4.333333333333333        0.3040356857820450     
    4.333333333333333         4.333333333333333        0.2874344561167094     
    4.500000000000000         4.333333333333333        0.2715929523917315     
    4.666666666666666         4.333333333333333        0.2564801818326146     
    4.833333333333333         4.333333333333333        0.2420660467515207     
    5.000000000000000         4.333333333333333        0.2283133901331487     
    5.166666666666666         4.333333333333333        0.2152016296640418     
    5.333333333333333         4.333333333333333        0.2026945465072786     
    5.500000000000000         4.333333333333333        0.1907621621739421     
    5.666666666666666         4.333333333333333        0.1793749988727635     
    5.833333333333333         4.333333333333333        0.1685042062186501     
    6.000000000000000         4.333333333333333        0.1581216322025937     
    6.166666666666666         4.333333333333333        0.1481998653076616     
    6.333333333333333         4.333333333333333        0.1387122582603412     
    6.500000000000000         4.333333333333333        0.1296329382732889     
    6.666666666666666         4.333333333333333        0.1209368065912498     
    6.833333333333333         4.333333333333333        0.1125995293142290     
    7.000000000000000         4.333333333333333        0.1045975210501396     
    7.166666666666666         4.333333333333333        9.6907922680411332E-002
    7.333333333333333         4.333333333333333        8.9508574318568596E-002
    7.500000000000000         4.333333333333333        8.2377984373533969E-002
    7.666666666666666         4.333333333333333        7.5495295485315236E-002
    7.833333333333333         4.333333333333333        6.8840247976003799E-002
    8.000000000000000         4.333333333333333        6.2393141350925198E-002
    8.166666666666666         4.333333333333333        5.6134794291344853E-002
    8.333333333333332         4.333333333333333        5.0046503499660493E-002
    8.500000000000000         4.333333333333333        4.4110001689002885E-002
    8.666666666666666         4.333333333333333        3.8307414950258953E-002
    8.833333333333332         4.333333333333333        3.2621219679504064E-002
    9.000000000000000         4.333333333333333        2.7034199206591041E-002
    9.166666666666666         4.333333333333333        2.1529400230229818E-002
    9.333333333333332         4.333333333333333        1.6090089135456054E-002
    9.500000000000000         4.333333333333333        1.0699708245164297E-002
    9.666666666666666         4.333333333333333        5.3418320375751473E-003
    9.833333333333332         4.333333333333333         0.000000000000000     
  
    0.000000000000000         4.500000000000000         1.000000000000000     
   0.1666666666666667         4.500000000000000        0.9645341491933200     
   0.3333333333333333         4.500000000000000        0.9291765041876308     
   0.5000000000000000         4.500000000000000        0.8940334084992979     
   0.6666666666666666         4.500000000000000        0.8592078767863927     
   0.8333333333333333         4.500000000000000        0.8247980829736135     
    1.000000000000000         4.500000000000000        0.7908960302705413     
    1.166666666666667         4.500000000000000        0.7575864407049083     
    1.333333333333333         4.500000000000000        0.7249458889616830     
    1.500000000000000         4.500000000000000        0.6930421911957949     
    1.666666666666667         4.500000000000000        0.6619340459712681     
    1.833333333333333         4.500000000000000        0.6316709127927705     
    2.000000000000000         4.500000000000000        0.6022931045604488     
    2.166666666666667         4.500000000000000        0.5738320639986769     
    2.333333333333333         4.500000000000000        0.5463107906421359     
    2.500000000000000         4.500000000000000        0.5197443840116224     
    2.666666666666667         4.500000000000000        0.4941406697216655     
    2.833333333333333         4.500000000000000        0.4695008779074112     
    3.000000000000000         4.500000000000000        0.4458203470166974     
    3.166666666666667         4.500000000000000        0.4230892302150001     
    3.333333333333333         4.500000000000000        0.4012931860081568     
    3.500000000000000         4.500000000000000        0.3804140389057450     
    3.666666666666667         4.500000000000000        0.3604303998230075     
    3.833333333333333         4.500000000000000        0.3413182393280481     
    4.000000000000000         4.500000000000000        0.3230514097260918     
    4.166666666666666         4.500000000000000        0.3056021143260392     
    4.333333333333333         4.500000000000000        0.2889413240831558     
    4.500000000000000         4.500000000000000        0.2730391432042175     
    4.666666666666666         4.500000000000000        0.2578651262982872     
    4.833333333333333         4.500000000000000        0.2433896453815179     
    5.000000000000000         4.500000000000000        0.2295759054611483     
    5.166666666666666         4.500000000000000        0.2164036909801905     
    5.333333333333333         4.500000000000000        0.2038370187191723     
    5.500000000000000         4.500000000000000        0.1918461178185142     
    5.666666666666666         4.500000000000000        0.1804016708423896     
    5.833333333333333         4.500000000000000        0.1694749468875347     
    6.000000000000000         4.500000000000000        0.1590378782041922     
    6.166666666666666         4.500000000000000        0.1490631073411961     
    6.333333333333333         4.500000000000000        0.1395240153628084     
    6.500000000000000         4.500000000000000        0.1303947360337951     
    6.666666666666666         4.500000000000000        0.1216501588223673     
    6.833333333333333         4.500000000000000        0.1132659227341126     
    7.000000000000000         4.500000000000000        0.1052184025693254     
    7.166666666666666         4.500000000000000        9.7484688927449228E-002
    7.333333333333333         4.500000000000000        9.0042563077812374E-002
    7.500000000000000         4.500000000000000        8.2870467645637713E-002
    7.666666666666666         4.500000000000000        7.5947473915715699E-002
    7.833333333333333         4.500000000000000        6.9253246428584270E-002
    8.000000000000000         4.500000000000000        6.2768005433051624E-002
    8.166666666666666         4.500000000000000        5.6472487662566510E-002
    8.333333333333332         4.500000000000000        5.0347905819697593E-002
    8.500000000000000         4.500000000000000        4.4375907081389450E-002
    8.666666666666666         4.500000000000000        3.8538530876397435E-002
    8.833333333333332         4.500000000000000        3.2818166134175493E-002
    9.000000000000000         4.500000000000000        2.7197508160434668E-002
    9.166666666666666         4.500000000000000        2.1659515257674507E-002
    9.333333333333332         4.500000000000000        1.6187365178417505E-002
    9.500000000000000         4.500000000000000        1.0764411473941768E-002
    9.666666666666666         4.500000000000000        5.3741397811934294E-003
    9.833333333333332         4.500000000000000         0.000000000000000     
  
    0.000000000000000         4.666666666666666         1.000000000000000     
   0.1666666666666667         4.666666666666666        0.9646402950294269     
   0.3333333333333333         4.666666666666666        0.9293871581173420     
   0.5000000000000000         4.666666666666666        0.8943453563702818     
   0.6666666666666666         4.666666666666666        0.8596164467821933     
   0.8333333333333333         4.666666666666666        0.8252973133643119     
    1.000000000000000         4.666666666666666        0.7914788750210597     
    1.166666666666667         4.666666666666666        0.7582450000404527     
    1.333333333333333         4.666666666666666        0.7256716514957323     
    1.500000000000000         4.666666666666666        0.6938262749023854     
    1.666666666666667         4.666666666666666        0.6627674269034323     
    1.833333333333333         4.666666666666666        0.6325446327065664     
    2.000000000000000         4.666666666666666        0.6031984511723305     
    2.166666666666667         4.666666666666666        0.5747607201856048     
    2.333333333333333         4.666666666666666        0.5472549512537922     
    2.500000000000000         4.666666666666666        0.5206968409449664     
    2.666666666666667         4.666666666666666        0.4950948674295909     
    2.833333333333333         4.666666666666666        0.4704509425611607     
    3.000000000000000         4.666666666666666        0.4467610931506994     
    3.166666666666667         4.666666666666666        0.4240161489186295     
    3.333333333333333         4.666666666666666        0.4022024186719537     
    3.500000000000000         4.666666666666666        0.3813023402621354     
    3.666666666666667         4.666666666666666        0.3612950936190373     
    3.833333333333333         4.666666666666666        0.3421571694936986     
    4.000000000000000         4.666666666666666        0.3238628894062198     
    4.166666666666666         4.666666666666666        0.3063848746629551     
    4.333333333333333         4.666666666666666        0.2896944641941191     
    4.500000000000000         4.666666666666666        0.2737620824070660     
    4.666666666666666         4.666666666666666        0.2585575593036016     
    4.833333333333333         4.666666666666666        0.2440515030151152     
    5.000000000000000         4.666666666666666        0.2302073043602261     
    5.166666666666666         4.666666666666666        0.2170049282094481     
    5.333333333333333         4.666666666666666        0.2044085137654740     
    5.500000000000000         4.666666666666666        0.1923883953261235     
    5.666666666666666         4.666666666666666        0.1809153370687841     
    5.833333333333333         4.666666666666666        0.1699606691883445     
    6.000000000000000         4.666666666666666        0.1594963673030572     
    6.166666666666666         4.666666666666666        0.1494951021059513     
    6.333333333333333         4.666666666666666        0.1399302698163731     
    6.500000000000000         4.666666666666666        0.1307760083424520     
    6.666666666666666         4.666666666666666        0.1220072020209006     
    6.833333333333333         4.666666666666666        0.1135994769656966     
    7.000000000000000         4.666666666666666        0.1055291886374619     
    7.166666666666666         4.666666666666666        9.7773402976923204E-002
    7.333333333333333         4.666666666666666        9.0309872240928735E-002
    7.500000000000000         4.666666666666666        8.3117006508440339E-002
    7.666666666666666         4.666666666666666        7.6173841676157969E-002
    7.833333333333333         4.666666666666666        6.9460004634539260E-002
    8.000000000000000         4.666666666666666        6.2955676202548119E-002
    8.166666666666666         4.666666666666666        5.6641552301712965E-002
    8.333333333333332         4.666666666666666        5.0498803765465214E-002
    8.500000000000000         4.666666666666666        4.4509035106853681E-002
    8.666666666666666         4.666666666666666        3.8654242505295845E-002
    8.833333333333332         4.666666666666666        3.2916771219858178E-002
    9.000000000000000         4.666666666666666        2.7279272591610438E-002
    9.166666666666666         4.666666666666666        2.1724660759976394E-002
    9.333333333333332         4.666666666666666        1.6236069186995661E-002
    9.500000000000000         4.666666666666666        1.0796807058576980E-002
    9.666666666666666         4.666666666666666        5.3903156132568035E-003
    9.833333333333332         4.666666666666666         0.000000000000000     
  
    0.000000000000000         4.833333333333333         0.000000000000000     
   0.1666666666666667         4.833333333333333        0.9646402950294271     
   0.3333333333333333         4.833333333333333        0.9293871581173420     
   0.5000000000000000         4.833333333333333        0.8943453563702818     
   0.6666666666666666         4.833333333333333        0.8596164467821933     
   0.8333333333333333         4.833333333333333        0.8252973133643119     
    1.000000000000000         4.833333333333333        0.7914788750210597     
    1.166666666666667         4.833333333333333        0.7582450000404527     
    1.333333333333333         4.833333333333333        0.7256716514957324     
    1.500000000000000         4.833333333333333        0.6938262749023855     
    1.666666666666667         4.833333333333333        0.6627674269034324     
    1.833333333333333         4.833333333333333        0.6325446327065664     
    2.000000000000000         4.833333333333333        0.6031984511723305     
    2.166666666666667         4.833333333333333        0.5747607201856048     
    2.333333333333333         4.833333333333333        0.5472549512537922     
    2.500000000000000         4.833333333333333        0.5206968409449665     
    2.666666666666667         4.833333333333333        0.4950948674295908     
    2.833333333333333         4.833333333333333        0.4704509425611607     
    3.000000000000000         4.833333333333333        0.4467610931506994     
    3.166666666666667         4.833333333333333        0.4240161489186295     
    3.333333333333333         4.833333333333333        0.4022024186719537     
    3.500000000000000         4.833333333333333        0.3813023402621354     
    3.666666666666667         4.833333333333333        0.3612950936190373     
    3.833333333333333         4.833333333333333        0.3421571694936986     
    4.000000000000000         4.833333333333333        0.3238628894062198     
    4.166666666666666         4.833333333333333        0.3063848746629551     
    4.333333333333333         4.833333333333333        0.2896944641941191     
    4.500000000000000         4.833333333333333        0.2737620824070660     
    4.666666666666666         4.833333333333333        0.2585575593036016     
    4.833333333333333         4.833333333333333        0.2440515030151152     
    5.000000000000000         4.833333333333333        0.2302073043602261     
    5.166666666666666         4.833333333333333        0.2170049282094482     
    5.333333333333333         4.833333333333333        0.2044085137654740     
    5.500000000000000         4.833333333333333        0.1923883953261235     
    5.666666666666666         4.833333333333333        0.1809153370687841     
    5.833333333333333         4.833333333333333        0.1699606691883445     
    6.000000000000000         4.833333333333333        0.1594963673030572     
    6.166666666666666         4.833333333333333        0.1494951021059513     
    6.333333333333333         4.833333333333333        0.1399302698163731     
    6.500000000000000         4.833333333333333        0.1307760083424520     
    6.666666666666666         4.833333333333333        0.1220072020209006     
    6.833333333333333         4.833333333333333        0.1135994769656966     
    7.000000000000000         4.833333333333333        0.1055291886374619     
    7.166666666666666         4.833333333333333        9.7773402976923204E-002
    7.333333333333333         4.833333333333333        9.0309872240928735E-002
    7.500000000000000         4.833333333333333        8.3117006508440339E-002
    7.666666666666666         4.833333333333333        7.6173841676157969E-002
    7.833333333333333         4.833333333333333        6.9460004634539260E-002
    8.000000000000000         4.833333333333333        6.2955676202548119E-002
    8.166666666666666         4.833333333333333        5.6641552301712972E-002
    8.333333333333332         4.833333333333333        5.0498803765465214E-002
    8.500000000000000         4.833333333333333        4.4509035106853688E-002
    8.666666666666666         4.833333333333333        3.8654242505295845E-002
    8.833333333333332         4.833333333333333        3.2916771219858178E-002
    9.000000000000000         4.833333333333333        2.7279272591610438E-002
    9.166666666666666         4.833333333333333        2.1724660759976394E-002
    9.333333333333332         4.833333333333333        1.6236069186995661E-002
    9.500000000000000         4.833333333333333        1.0796807058576980E-002
    9.666666666666666         4.833333333333333        5.3903156132568027E-003
    9.833333333333332         4.833333333333333         0.000000000000000     
  
